date,department,total_beds,occupied_beds,occupancy_rate,admissions,discharges,avg_los,cost_per_day,alert,year_month
2023-01-01,ICU,20,19,94.5,2,2,7.0,4153,WARNING,2023-01
2023-01-01,ER,40,35,87.4,6,5,0.3,909,OK,2023-01
2023-01-01,Med-Surg,80,64,79.8,9,9,3.1,1455,OK,2023-01
2023-01-01,Surgery,30,21,71.6,3,3,3.3,2218,OK,2023-01
2023-01-01,Peds,25,16,64.4,3,3,2.2,1991,OK,2023-01
2023-01-02,ICU,20,20,100.0,2,3,5.9,4142,CRITICAL,2023-01
2023-01-02,ER,40,39,98.2,7,5,0.0,965,CRITICAL,2023-01
2023-01-02,Med-Surg,80,71,88.6,11,7,3.4,1839,OK,2023-01
2023-01-02,Surgery,30,25,84.6,4,4,3.6,2204,OK,2023-01
2023-01-02,Peds,25,17,68.6,3,4,3.1,1747,OK,2023-01
2023-01-03,ICU,20,20,100.0,3,2,6.5,4406,CRITICAL,2023-01
2023-01-03,ER,40,40,100.0,5,5,0.7,995,CRITICAL,2023-01
2023-01-03,Med-Surg,80,73,90.7,11,8,3.5,1963,WARNING,2023-01
2023-01-03,Surgery,30,26,86.2,4,4,4.0,2371,OK,2023-01
2023-01-03,Peds,25,18,70.9,4,3,3.7,1576,OK,2023-01
2023-01-04,ICU,20,20,100.0,3,2,6.2,3802,CRITICAL,2023-01
2023-01-04,ER,40,40,99.4,6,6,0.2,638,CRITICAL,2023-01
2023-01-04,Med-Surg,80,72,90.6,13,11,3.8,1903,WARNING,2023-01
2023-01-04,Surgery,30,25,83.0,5,3,3.6,2422,OK,2023-01
2023-01-04,Peds,25,17,67.1,4,3,2.9,2053,OK,2023-01
2023-01-05,ICU,20,20,100.0,3,2,5.8,4168,CRITICAL,2023-01
2023-01-05,ER,40,40,100.0,7,5,0.6,785,CRITICAL,2023-01
2023-01-05,Med-Surg,80,69,86.7,11,10,5.3,1762,OK,2023-01
2023-01-05,Surgery,30,25,83.5,4,3,4.4,2650,OK,2023-01
2023-01-05,Peds,25,18,71.8,3,4,2.2,2217,OK,2023-01
2023-01-06,ICU,20,20,100.0,2,2,6.2,4099,CRITICAL,2023-01
2023-01-06,ER,40,38,95.4,6,4,0.7,616,CRITICAL,2023-01
2023-01-06,Med-Surg,80,77,96.3,10,10,4.5,1554,CRITICAL,2023-01
2023-01-06,Surgery,30,25,83.4,5,3,3.9,2552,OK,2023-01
2023-01-06,Peds,25,18,71.8,3,3,3.2,2159,OK,2023-01
2023-01-07,ICU,20,19,93.8,3,2,6.3,4259,WARNING,2023-01
2023-01-07,ER,40,34,86.2,6,5,0.1,931,OK,2023-01
2023-01-07,Med-Surg,80,63,78.6,11,10,3.7,1993,OK,2023-01
2023-01-07,Surgery,30,22,73.8,4,4,3.7,2349,OK,2023-01
2023-01-07,Peds,25,15,60.1,3,3,3.1,2155,OK,2023-01
2023-01-08,ICU,20,19,95.4,2,3,6.1,4744,CRITICAL,2023-01
2023-01-08,ER,40,36,89.7,4,4,0.7,755,OK,2023-01
2023-01-08,Med-Surg,80,66,82.7,10,9,3.7,1497,OK,2023-01
2023-01-08,Surgery,30,22,71.9,4,3,3.2,2535,OK,2023-01
2023-01-08,Peds,25,16,62.4,3,3,2.9,1871,OK,2023-01
2023-01-09,ICU,20,20,100.0,3,3,6.7,3924,CRITICAL,2023-01
2023-01-09,ER,40,39,97.2,6,5,0.8,1571,CRITICAL,2023-01
2023-01-09,Med-Surg,80,75,93.6,13,12,4.4,1737,WARNING,2023-01
2023-01-09,Surgery,30,25,84.7,4,4,3.6,2516,OK,2023-01
2023-01-09,Peds,25,19,75.0,2,3,2.1,2006,OK,2023-01
2023-01-10,ICU,20,20,100.0,3,2,5.8,4336,CRITICAL,2023-01
2023-01-10,ER,40,39,97.9,6,5,0.2,1229,CRITICAL,2023-01
2023-01-10,Med-Surg,80,75,93.7,8,10,3.8,1970,WARNING,2023-01
2023-01-10,Surgery,30,24,80.8,4,4,4.2,2260,OK,2023-01
2023-01-10,Peds,25,17,69.4,3,3,3.8,2181,OK,2023-01
2023-01-11,ICU,20,20,100.0,3,3,6.7,3896,CRITICAL,2023-01
2023-01-11,ER,40,39,98.6,7,5,0.7,955,CRITICAL,2023-01
2023-01-11,Med-Surg,80,72,89.4,11,5,3.6,1749,OK,2023-01
2023-01-11,Surgery,30,24,79.7,5,3,3.6,2526,OK,2023-01
2023-01-11,Peds,25,18,73.2,3,4,2.9,1904,OK,2023-01
2023-01-12,ICU,20,20,100.0,3,2,6.2,4123,CRITICAL,2023-01
2023-01-12,ER,40,40,100.0,6,6,0.1,1227,CRITICAL,2023-01
2023-01-12,Med-Surg,80,69,86.6,11,11,4.2,1675,OK,2023-01
2023-01-12,Surgery,30,25,82.3,4,3,4.2,2571,OK,2023-01
2023-01-12,Peds,25,17,68.7,4,3,3.3,2226,OK,2023-01
2023-01-13,ICU,20,20,100.0,3,3,6.5,4196,CRITICAL,2023-01
2023-01-13,ER,40,40,100.0,7,5,0.8,760,CRITICAL,2023-01
2023-01-13,Med-Surg,80,73,91.4,13,11,4.5,2061,WARNING,2023-01
2023-01-13,Surgery,30,25,82.9,5,4,4.0,2474,OK,2023-01
2023-01-13,Peds,25,18,70.4,4,3,3.9,1899,OK,2023-01
2023-01-14,ICU,20,18,89.7,3,2,6.5,4326,OK,2023-01
2023-01-14,ER,40,35,88.0,4,5,0.2,995,OK,2023-01
2023-01-14,Med-Surg,80,64,80.6,9,8,4.3,1687,OK,2023-01
2023-01-14,Surgery,30,21,71.1,4,3,3.5,2406,OK,2023-01
2023-01-14,Peds,25,16,62.2,2,2,2.5,2057,OK,2023-01
2023-01-15,ICU,20,19,94.0,3,3,6.1,4196,WARNING,2023-01
2023-01-15,ER,40,34,85.4,5,4,0.7,635,OK,2023-01
2023-01-15,Med-Surg,80,66,82.2,12,9,4.3,1938,OK,2023-01
2023-01-15,Surgery,30,22,72.0,4,3,3.8,2345,OK,2023-01
2023-01-15,Peds,25,15,61.8,3,3,3.4,2531,OK,2023-01
2023-01-16,ICU,20,20,100.0,3,3,7.3,4038,CRITICAL,2023-01
2023-01-16,ER,40,39,97.5,5,3,0.2,648,CRITICAL,2023-01
2023-01-16,Med-Surg,80,74,92.4,12,13,4.6,1685,WARNING,2023-01
2023-01-16,Surgery,30,24,80.6,4,3,4.7,2736,OK,2023-01
2023-01-16,Peds,25,17,69.2,3,4,2.8,2348,OK,2023-01
2023-01-17,ICU,20,20,100.0,3,3,6.2,4110,CRITICAL,2023-01
2023-01-17,ER,40,40,100.0,5,5,0.6,903,CRITICAL,2023-01
2023-01-17,Med-Surg,80,75,94.0,9,8,4.7,1866,WARNING,2023-01
2023-01-17,Surgery,30,24,80.9,5,4,4.4,2514,OK,2023-01
2023-01-17,Peds,25,19,74.5,4,3,3.4,2229,OK,2023-01
2023-01-18,ICU,20,20,100.0,2,3,6.7,3848,CRITICAL,2023-01
2023-01-18,ER,40,39,96.5,4,5,0.9,1100,CRITICAL,2023-01
2023-01-18,Med-Surg,80,74,92.2,14,8,3.2,1789,WARNING,2023-01
2023-01-18,Surgery,30,25,83.8,4,3,3.8,2239,OK,2023-01
2023-01-18,Peds,25,18,71.6,4,3,2.6,1888,OK,2023-01
2023-01-19,ICU,20,20,100.0,3,2,6.5,4094,CRITICAL,2023-01
2023-01-19,ER,40,39,97.7,5,4,0.2,560,CRITICAL,2023-01
2023-01-19,Med-Surg,80,78,97.4,11,9,4.2,1778,CRITICAL,2023-01
2023-01-19,Surgery,30,25,82.3,5,4,3.5,2385,OK,2023-01
2023-01-19,Peds,25,17,69.6,2,2,3.6,2429,OK,2023-01
2023-01-20,ICU,20,20,100.0,3,3,7.7,4424,CRITICAL,2023-01
2023-01-20,ER,40,40,99.7,5,4,0.6,649,CRITICAL,2023-01
2023-01-20,Med-Surg,80,70,88.1,10,8,4.9,1976,OK,2023-01
2023-01-20,Surgery,30,25,82.8,5,4,3.4,2805,OK,2023-01
2023-01-20,Peds,25,18,71.3,3,3,2.5,1823,OK,2023-01
2023-01-21,ICU,20,19,95.7,3,2,6.5,4070,CRITICAL,2023-01
2023-01-21,ER,40,35,86.8,4,4,0.5,634,OK,2023-01
2023-01-21,Med-Surg,80,65,81.6,10,9,3.6,1685,OK,2023-01
2023-01-21,Surgery,30,22,74.5,4,3,3.8,2650,OK,2023-01
2023-01-21,Peds,25,15,58.6,3,3,3.2,1947,OK,2023-01
2023-01-22,ICU,20,18,88.1,2,2,6.3,4019,OK,2023-01
2023-01-22,ER,40,36,89.7,4,4,0.1,670,OK,2023-01
2023-01-22,Med-Surg,80,65,81.1,8,8,4.6,1685,OK,2023-01
2023-01-22,Surgery,30,22,74.7,3,4,4.5,2006,OK,2023-01
2023-01-22,Peds,25,15,60.3,3,3,3.1,1979,OK,2023-01
2023-01-23,ICU,20,20,100.0,3,3,6.3,4268,CRITICAL,2023-01
2023-01-23,ER,40,40,98.8,5,5,0.7,716,CRITICAL,2023-01
2023-01-23,Med-Surg,80,74,92.8,14,11,3.9,2040,WARNING,2023-01
2023-01-23,Surgery,30,25,81.8,3,3,2.9,2430,OK,2023-01
2023-01-23,Peds,25,18,70.2,4,3,2.8,2266,OK,2023-01
2023-01-24,ICU,20,20,98.8,3,3,5.5,4429,CRITICAL,2023-01
2023-01-24,ER,40,40,100.0,5,6,1.6,836,CRITICAL,2023-01
2023-01-24,Med-Surg,80,74,92.7,10,9,4.5,1629,WARNING,2023-01
2023-01-24,Surgery,30,25,83.0,4,4,4.0,2708,OK,2023-01
2023-01-24,Peds,25,17,69.1,3,3,2.7,2175,OK,2023-01
2023-01-25,ICU,20,20,100.0,2,3,6.9,4283,CRITICAL,2023-01
2023-01-25,ER,40,40,100.0,5,4,0.4,1099,CRITICAL,2023-01
2023-01-25,Med-Surg,80,75,93.8,11,11,3.5,2289,WARNING,2023-01
2023-01-25,Surgery,30,25,83.1,4,4,4.0,2545,OK,2023-01
2023-01-25,Peds,25,17,68.5,4,4,3.6,2419,OK,2023-01
2023-01-26,ICU,20,20,100.0,2,2,6.2,4419,CRITICAL,2023-01
2023-01-26,ER,40,38,95.0,7,5,0.3,598,CRITICAL,2023-01
2023-01-26,Med-Surg,80,70,87.4,12,10,3.5,1541,OK,2023-01
2023-01-26,Surgery,30,25,82.0,5,4,3.0,2451,OK,2023-01
2023-01-26,Peds,25,17,69.6,2,3,2.8,2239,OK,2023-01
2023-01-27,ICU,20,20,100.0,3,2,5.6,4715,CRITICAL,2023-01
2023-01-27,ER,40,40,100.0,6,5,0.6,771,CRITICAL,2023-01
2023-01-27,Med-Surg,80,72,90.4,10,10,3.8,1657,WARNING,2023-01
2023-01-27,Surgery,30,25,83.1,4,5,2.5,2718,OK,2023-01
2023-01-27,Peds,25,18,72.8,2,3,2.7,1818,OK,2023-01
2023-01-28,ICU,20,18,90.9,2,3,6.7,4454,WARNING,2023-01
2023-01-28,ER,40,36,90.0,4,4,0.7,556,WARNING,2023-01
2023-01-28,Med-Surg,80,66,82.7,9,8,4.5,1889,OK,2023-01
2023-01-28,Surgery,30,22,72.1,4,3,4.1,2619,OK,2023-01
2023-01-28,Peds,25,15,61.2,3,2,3.4,2063,OK,2023-01
2023-01-29,ICU,20,18,91.6,3,2,5.5,3889,WARNING,2023-01
2023-01-29,ER,40,36,89.6,4,6,0.5,1139,OK,2023-01
2023-01-29,Med-Surg,80,65,81.5,10,8,4.3,1792,OK,2023-01
2023-01-29,Surgery,30,23,75.3,4,3,3.6,2489,OK,2023-01
2023-01-29,Peds,25,16,62.3,2,2,3.3,2134,OK,2023-01
2023-01-30,ICU,20,20,100.0,3,3,5.9,4044,CRITICAL,2023-01
2023-01-30,ER,40,40,100.0,5,5,0.4,1006,CRITICAL,2023-01
2023-01-30,Med-Surg,80,75,93.3,11,12,4.9,2003,WARNING,2023-01
2023-01-30,Surgery,30,23,78.2,3,3,3.8,2604,OK,2023-01
2023-01-30,Peds,25,17,68.6,4,3,2.6,1819,OK,2023-01
2023-01-31,ICU,20,20,100.0,2,2,6.7,4010,CRITICAL,2023-01
2023-01-31,ER,40,40,100.0,6,5,0.1,940,CRITICAL,2023-01
2023-01-31,Med-Surg,80,72,90.4,11,14,4.1,2030,WARNING,2023-01
2023-01-31,Surgery,30,24,81.1,4,5,3.5,2862,OK,2023-01
2023-01-31,Peds,25,18,71.6,3,3,3.4,2224,OK,2023-01
2023-02-01,ICU,20,20,100.0,2,2,6.2,4324,CRITICAL,2023-02
2023-02-01,ER,40,40,100.0,4,5,0.8,912,CRITICAL,2023-02
2023-02-01,Med-Surg,80,76,95.0,12,11,4.1,1468,CRITICAL,2023-02
2023-02-01,Surgery,30,25,83.9,4,4,3.2,2284,OK,2023-02
2023-02-01,Peds,25,18,72.4,3,3,2.9,2106,OK,2023-02
2023-02-02,ICU,20,20,100.0,3,3,6.0,4113,CRITICAL,2023-02
2023-02-02,ER,40,40,99.1,6,5,1.1,621,CRITICAL,2023-02
2023-02-02,Med-Surg,80,73,91.5,10,12,4.2,2006,WARNING,2023-02
2023-02-02,Surgery,30,24,79.1,4,4,3.8,2713,OK,2023-02
2023-02-02,Peds,25,17,69.1,4,4,2.7,2011,OK,2023-02
2023-02-03,ICU,20,20,100.0,3,2,6.0,4144,CRITICAL,2023-02
2023-02-03,ER,40,38,96.0,5,4,0.1,793,CRITICAL,2023-02
2023-02-03,Med-Surg,80,74,92.6,14,9,4.6,1757,WARNING,2023-02
2023-02-03,Surgery,30,25,82.7,5,3,4.0,2533,OK,2023-02
2023-02-03,Peds,25,18,71.2,4,4,2.6,1994,OK,2023-02
2023-02-04,ICU,20,18,91.4,2,2,6.8,4484,WARNING,2023-02
2023-02-04,ER,40,35,86.5,4,5,0.2,927,OK,2023-02
2023-02-04,Med-Surg,80,65,81.5,8,11,5.0,1677,OK,2023-02
2023-02-04,Surgery,30,22,72.0,4,4,4.1,2902,OK,2023-02
2023-02-04,Peds,25,15,61.4,3,2,2.5,2093,OK,2023-02
2023-02-05,ICU,20,20,98.1,2,2,6.2,4438,CRITICAL,2023-02
2023-02-05,ER,40,38,94.7,4,4,1.0,936,WARNING,2023-02
2023-02-05,Med-Surg,80,68,85.4,11,8,4.4,2022,OK,2023-02
2023-02-05,Surgery,30,22,74.7,4,4,4.4,2776,OK,2023-02
2023-02-05,Peds,25,16,62.9,3,3,3.5,1937,OK,2023-02
2023-02-06,ICU,20,20,100.0,3,3,6.8,4238,CRITICAL,2023-02
2023-02-06,ER,40,40,100.0,4,6,0.8,1233,CRITICAL,2023-02
2023-02-06,Med-Surg,80,73,91.2,11,10,4.9,1781,WARNING,2023-02
2023-02-06,Surgery,30,25,83.5,5,4,3.6,2539,OK,2023-02
2023-02-06,Peds,25,18,72.4,3,3,2.5,2339,OK,2023-02
2023-02-07,ICU,20,20,100.0,3,3,7.0,4187,CRITICAL,2023-02
2023-02-07,ER,40,39,98.4,7,4,0.6,888,CRITICAL,2023-02
2023-02-07,Med-Surg,80,72,90.6,9,11,4.2,1687,WARNING,2023-02
2023-02-07,Surgery,30,24,79.6,5,4,3.8,2869,OK,2023-02
2023-02-07,Peds,25,17,67.9,3,3,2.9,2149,OK,2023-02
2023-02-08,ICU,20,20,100.0,3,2,6.9,4184,CRITICAL,2023-02
2023-02-08,ER,40,40,100.0,6,5,0.8,890,CRITICAL,2023-02
2023-02-08,Med-Surg,80,75,93.8,13,10,4.5,1782,WARNING,2023-02
2023-02-08,Surgery,30,26,86.4,4,5,3.8,2214,OK,2023-02
2023-02-08,Peds,25,18,70.4,3,4,2.6,2011,OK,2023-02
2023-02-09,ICU,20,20,99.8,3,2,5.4,4352,CRITICAL,2023-02
2023-02-09,ER,40,40,100.0,6,4,0.5,799,CRITICAL,2023-02
2023-02-09,Med-Surg,80,71,88.8,14,11,4.0,1805,OK,2023-02
2023-02-09,Surgery,30,25,83.3,3,4,3.5,2300,OK,2023-02
2023-02-09,Peds,25,17,69.6,4,3,2.6,2215,OK,2023-02
2023-02-10,ICU,20,20,100.0,3,3,5.9,4340,CRITICAL,2023-02
2023-02-10,ER,40,40,100.0,6,6,1.0,693,CRITICAL,2023-02
2023-02-10,Med-Surg,80,77,95.6,11,13,3.8,2147,CRITICAL,2023-02
2023-02-10,Surgery,30,25,83.3,4,4,3.6,2585,OK,2023-02
2023-02-10,Peds,25,18,71.3,3,3,4.0,2446,OK,2023-02
2023-02-11,ICU,20,19,94.3,2,2,6.5,3995,WARNING,2023-02
2023-02-11,ER,40,35,87.4,4,5,0.8,703,OK,2023-02
2023-02-11,Med-Surg,80,68,84.8,8,7,4.2,2009,OK,2023-02
2023-02-11,Surgery,30,23,76.5,3,4,3.8,2465,OK,2023-02
2023-02-11,Peds,25,16,63.4,3,2,3.6,2376,OK,2023-02
2023-02-12,ICU,20,18,91.4,3,2,6.3,4090,WARNING,2023-02
2023-02-12,ER,40,35,86.3,5,5,0.8,726,OK,2023-02
2023-02-12,Med-Surg,80,66,82.8,6,10,3.2,1728,OK,2023-02
2023-02-12,Surgery,30,21,70.4,3,4,3.6,2569,OK,2023-02
2023-02-12,Peds,25,15,61.6,3,3,2.3,2299,OK,2023-02
2023-02-13,ICU,20,20,100.0,2,2,7.0,4370,CRITICAL,2023-02
2023-02-13,ER,40,40,99.0,5,5,1.5,876,CRITICAL,2023-02
2023-02-13,Med-Surg,80,75,93.2,13,10,4.0,1761,WARNING,2023-02
2023-02-13,Surgery,30,25,82.6,4,4,3.8,2647,OK,2023-02
2023-02-13,Peds,25,17,70.0,3,2,3.4,2169,OK,2023-02
2023-02-14,ICU,20,20,100.0,2,3,6.1,4422,CRITICAL,2023-02
2023-02-14,ER,40,39,96.9,6,4,0.2,1183,CRITICAL,2023-02
2023-02-14,Med-Surg,80,73,91.5,11,11,4.3,1830,WARNING,2023-02
2023-02-14,Surgery,30,25,83.7,6,4,3.9,2710,OK,2023-02
2023-02-14,Peds,25,18,72.5,4,3,2.3,2427,OK,2023-02
2023-02-15,ICU,20,20,100.0,3,2,6.2,4266,CRITICAL,2023-02
2023-02-15,ER,40,40,100.0,6,6,0.7,751,CRITICAL,2023-02
2023-02-15,Med-Surg,80,76,94.7,13,8,4.4,1940,WARNING,2023-02
2023-02-15,Surgery,30,25,82.1,5,4,3.9,2465,OK,2023-02
2023-02-15,Peds,25,18,70.2,3,2,3.7,1931,OK,2023-02
2023-02-16,ICU,20,20,100.0,2,2,5.5,4528,CRITICAL,2023-02
2023-02-16,ER,40,40,100.0,5,7,1.0,735,CRITICAL,2023-02
2023-02-16,Med-Surg,80,68,85.1,15,8,3.3,2005,OK,2023-02
2023-02-16,Surgery,30,27,88.9,5,4,4.1,2671,OK,2023-02
2023-02-16,Peds,25,18,71.7,4,3,2.9,1949,OK,2023-02
2023-02-17,ICU,20,20,100.0,2,2,5.7,3979,CRITICAL,2023-02
2023-02-17,ER,40,40,100.0,7,6,0.3,602,CRITICAL,2023-02
2023-02-17,Med-Surg,80,76,94.6,9,10,4.4,1606,WARNING,2023-02
2023-02-17,Surgery,30,25,83.1,3,3,4.0,2181,OK,2023-02
2023-02-17,Peds,25,18,71.1,3,3,3.0,2373,OK,2023-02
2023-02-18,ICU,20,19,93.5,2,2,6.5,4210,WARNING,2023-02
2023-02-18,ER,40,35,88.2,4,4,0.2,1150,OK,2023-02
2023-02-18,Med-Surg,80,62,77.9,9,8,4.5,1741,OK,2023-02
2023-02-18,Surgery,30,23,75.6,3,3,3.4,2929,OK,2023-02
2023-02-18,Peds,25,15,59.5,3,3,3.1,2063,OK,2023-02
2023-02-19,ICU,20,19,92.7,2,2,6.7,4642,WARNING,2023-02
2023-02-19,ER,40,35,86.6,4,4,1.8,639,OK,2023-02
2023-02-19,Med-Surg,80,68,84.9,12,8,4.4,2126,OK,2023-02
2023-02-19,Surgery,30,22,72.0,4,3,3.3,2370,OK,2023-02
2023-02-19,Peds,25,15,59.5,3,2,3.0,1789,OK,2023-02
2023-02-20,ICU,20,20,100.0,3,2,6.4,4446,CRITICAL,2023-02
2023-02-20,ER,40,39,96.4,7,5,0.1,789,CRITICAL,2023-02
2023-02-20,Med-Surg,80,75,93.5,11,11,3.6,1834,WARNING,2023-02
2023-02-20,Surgery,30,24,79.3,4,3,3.4,2747,OK,2023-02
2023-02-20,Peds,25,18,72.4,4,3,2.7,2343,OK,2023-02
2023-02-21,ICU,20,20,100.0,4,3,6.3,4138,CRITICAL,2023-02
2023-02-21,ER,40,40,100.0,5,6,1.0,643,CRITICAL,2023-02
2023-02-21,Med-Surg,80,71,88.3,8,11,3.5,1369,OK,2023-02
2023-02-21,Surgery,30,25,83.8,6,4,4.2,2516,OK,2023-02
2023-02-21,Peds,25,17,69.9,4,3,3.0,2164,OK,2023-02
2023-02-22,ICU,20,20,100.0,3,2,5.8,4307,CRITICAL,2023-02
2023-02-22,ER,40,39,97.4,6,5,1.0,895,CRITICAL,2023-02
2023-02-22,Med-Surg,80,74,91.9,12,12,4.4,1802,WARNING,2023-02
2023-02-22,Surgery,30,24,79.5,3,4,3.5,2463,OK,2023-02
2023-02-22,Peds,25,18,70.3,4,3,3.1,2113,OK,2023-02
2023-02-23,ICU,20,20,99.5,2,2,5.6,4320,CRITICAL,2023-02
2023-02-23,ER,40,40,100.0,7,5,1.2,830,CRITICAL,2023-02
2023-02-23,Med-Surg,80,73,91.1,10,10,3.9,1834,WARNING,2023-02
2023-02-23,Surgery,30,25,83.2,4,4,4.4,2690,OK,2023-02
2023-02-23,Peds,25,17,67.0,2,4,2.2,2055,OK,2023-02
2023-02-24,ICU,20,20,100.0,2,3,6.6,4085,CRITICAL,2023-02
2023-02-24,ER,40,37,92.3,5,5,0.2,837,WARNING,2023-02
2023-02-24,Med-Surg,80,74,92.0,12,10,3.6,2039,WARNING,2023-02
2023-02-24,Surgery,30,25,82.4,4,3,3.6,2323,OK,2023-02
2023-02-24,Peds,25,17,69.8,4,3,2.1,2394,OK,2023-02
2023-02-25,ICU,20,19,92.5,2,3,5.9,4565,WARNING,2023-02
2023-02-25,ER,40,36,89.8,5,6,0.2,948,OK,2023-02
2023-02-25,Med-Surg,80,65,81.7,12,11,4.1,1649,OK,2023-02
2023-02-25,Surgery,30,22,73.9,3,4,3.9,2427,OK,2023-02
2023-02-25,Peds,25,16,62.1,2,2,3.5,1969,OK,2023-02
2023-02-26,ICU,20,18,90.2,3,3,6.6,4399,WARNING,2023-02
2023-02-26,ER,40,34,86.0,4,5,0.3,750,OK,2023-02
2023-02-26,Med-Surg,80,67,84.2,11,10,5.2,1671,OK,2023-02
2023-02-26,Surgery,30,22,74.9,4,3,4.6,2602,OK,2023-02
2023-02-26,Peds,25,16,62.7,4,3,2.5,1891,OK,2023-02
2023-02-27,ICU,20,20,99.6,4,2,6.1,4145,CRITICAL,2023-02
2023-02-27,ER,40,40,100.0,6,6,0.2,767,CRITICAL,2023-02
2023-02-27,Med-Surg,80,74,92.8,11,13,4.3,1947,WARNING,2023-02
2023-02-27,Surgery,30,25,84.4,5,4,3.2,2580,OK,2023-02
2023-02-27,Peds,25,17,68.8,3,3,3.5,2104,OK,2023-02
2023-02-28,ICU,20,20,100.0,3,3,7.5,4313,CRITICAL,2023-02
2023-02-28,ER,40,38,94.8,6,5,1.1,935,WARNING,2023-02
2023-02-28,Med-Surg,80,73,91.6,9,10,3.7,1684,WARNING,2023-02
2023-02-28,Surgery,30,25,84.3,5,4,3.2,2589,OK,2023-02
2023-02-28,Peds,25,18,72.7,3,3,2.9,1943,OK,2023-02
2023-03-01,ICU,20,19,93.8,2,2,5.8,4113,WARNING,2023-03
2023-03-01,ER,40,36,88.9,5,6,0.3,845,OK,2023-03
2023-03-01,Med-Surg,80,66,82.2,8,6,3.3,2053,OK,2023-03
2023-03-01,Surgery,30,21,70.8,5,3,3.9,2808,OK,2023-03
2023-03-01,Peds,25,16,64.7,4,3,3.4,2219,OK,2023-03
2023-03-02,ICU,20,19,94.1,2,2,6.2,4166,WARNING,2023-03
2023-03-02,ER,40,34,85.8,5,5,0.5,1096,OK,2023-03
2023-03-02,Med-Surg,80,62,77.3,9,8,3.2,1783,OK,2023-03
2023-03-02,Surgery,30,22,71.7,4,4,3.3,2871,OK,2023-03
2023-03-02,Peds,25,16,63.2,3,3,2.4,2026,OK,2023-03
2023-03-03,ICU,20,19,95.0,3,3,6.0,3976,CRITICAL,2023-03
2023-03-03,ER,40,35,87.4,4,5,0.4,707,OK,2023-03
2023-03-03,Med-Surg,80,61,76.2,10,8,3.5,1226,OK,2023-03
2023-03-03,Surgery,30,22,71.9,5,4,3.6,2380,OK,2023-03
2023-03-03,Peds,25,15,61.9,3,3,3.3,2345,OK,2023-03
2023-03-04,ICU,20,16,80.7,2,2,5.8,4155,OK,2023-03
2023-03-04,ER,40,31,77.4,5,3,1.2,746,OK,2023-03
2023-03-04,Med-Surg,80,56,70.4,8,5,4.5,1947,OK,2023-03
2023-03-04,Surgery,30,19,62.8,3,3,3.0,2394,OK,2023-03
2023-03-04,Peds,25,14,55.0,2,3,2.2,2193,OK,2023-03
2023-03-05,ICU,20,16,80.9,2,2,5.8,4038,OK,2023-03
2023-03-05,ER,40,31,77.0,5,3,0.5,886,OK,2023-03
2023-03-05,Med-Surg,80,57,71.9,9,7,3.7,1817,OK,2023-03
2023-03-05,Surgery,30,18,61.3,2,3,4.3,2027,OK,2023-03
2023-03-05,Peds,25,13,52.1,3,3,2.9,1954,OK,2023-03
2023-03-06,ICU,20,18,91.5,3,2,5.8,4103,WARNING,2023-03
2023-03-06,ER,40,34,84.5,5,5,0.7,750,OK,2023-03
2023-03-06,Med-Surg,80,63,79.3,7,10,4.1,1764,OK,2023-03
2023-03-06,Surgery,30,24,78.9,4,3,3.6,2730,OK,2023-03
2023-03-06,Peds,25,15,61.2,2,3,2.6,2475,OK,2023-03
2023-03-07,ICU,20,19,95.0,2,3,6.2,4371,CRITICAL,2023-03
2023-03-07,ER,40,35,88.3,4,4,1.0,733,OK,2023-03
2023-03-07,Med-Surg,80,63,79.0,8,9,5.1,1586,OK,2023-03
2023-03-07,Surgery,30,22,72.1,4,3,4.0,2288,OK,2023-03
2023-03-07,Peds,25,15,61.8,3,3,3.5,2618,OK,2023-03
2023-03-08,ICU,20,19,93.6,3,2,6.0,4268,WARNING,2023-03
2023-03-08,ER,40,34,86.2,5,5,0.0,1028,OK,2023-03
2023-03-08,Med-Surg,80,67,83.2,9,6,3.8,2059,OK,2023-03
2023-03-08,Surgery,30,22,72.0,3,3,4.2,2609,OK,2023-03
2023-03-08,Peds,25,15,60.6,3,3,2.4,2423,OK,2023-03
2023-03-09,ICU,20,18,91.1,3,3,6.7,4114,WARNING,2023-03
2023-03-09,ER,40,35,88.1,5,4,0.7,564,OK,2023-03
2023-03-09,Med-Surg,80,66,82.9,9,9,4.2,1748,OK,2023-03
2023-03-09,Surgery,30,22,73.3,3,4,3.1,2525,OK,2023-03
2023-03-09,Peds,25,16,64.5,3,2,3.2,2136,OK,2023-03
2023-03-10,ICU,20,19,93.0,3,2,6.8,4282,WARNING,2023-03
2023-03-10,ER,40,35,86.4,5,6,0.4,605,OK,2023-03
2023-03-10,Med-Surg,80,66,82.7,9,6,4.5,1693,OK,2023-03
2023-03-10,Surgery,30,22,71.8,4,3,4.2,2413,OK,2023-03
2023-03-10,Peds,25,15,61.9,3,3,3.2,1913,OK,2023-03
2023-03-11,ICU,20,17,83.6,2,2,6.4,4568,OK,2023-03
2023-03-11,ER,40,30,76.0,4,4,0.3,960,OK,2023-03
2023-03-11,Med-Surg,80,54,67.0,7,7,4.6,2142,OK,2023-03
2023-03-11,Surgery,30,19,63.2,3,3,4.4,2315,OK,2023-03
2023-03-11,Peds,25,14,54.1,3,3,3.0,2300,OK,2023-03
2023-03-12,ICU,20,15,74.4,2,2,5.3,4302,OK,2023-03
2023-03-12,ER,40,32,79.7,4,4,1.3,1063,OK,2023-03
2023-03-12,Med-Surg,80,59,73.9,9,8,3.3,1751,OK,2023-03
2023-03-12,Surgery,30,19,61.8,4,3,3.9,2610,OK,2023-03
2023-03-12,Peds,25,13,53.8,3,2,3.0,1952,OK,2023-03
2023-03-13,ICU,20,18,88.4,2,2,6.0,4062,OK,2023-03
2023-03-13,ER,40,33,83.3,5,3,0.9,816,OK,2023-03
2023-03-13,Med-Surg,80,61,76.5,9,8,4.3,2068,OK,2023-03
2023-03-13,Surgery,30,20,67.9,4,3,4.1,2543,OK,2023-03
2023-03-13,Peds,25,15,59.6,3,2,3.4,2104,OK,2023-03
2023-03-14,ICU,20,19,97.2,2,2,5.4,3839,CRITICAL,2023-03
2023-03-14,ER,40,33,82.9,5,5,0.3,979,OK,2023-03
2023-03-14,Med-Surg,80,63,78.8,10,11,4.5,1746,OK,2023-03
2023-03-14,Surgery,30,21,70.1,2,3,3.7,2303,OK,2023-03
2023-03-14,Peds,25,15,60.8,3,3,2.6,2134,OK,2023-03
2023-03-15,ICU,20,19,93.2,2,3,6.2,4204,WARNING,2023-03
2023-03-15,ER,40,36,88.8,5,5,0.6,678,OK,2023-03
2023-03-15,Med-Surg,80,65,80.9,8,9,4.1,1758,OK,2023-03
2023-03-15,Surgery,30,22,71.7,3,3,3.8,2532,OK,2023-03
2023-03-15,Peds,25,15,59.1,4,2,3.4,2185,OK,2023-03
2023-03-16,ICU,20,18,90.2,3,2,6.7,4400,WARNING,2023-03
2023-03-16,ER,40,34,85.2,6,4,0.6,852,OK,2023-03
2023-03-16,Med-Surg,80,64,79.7,11,10,3.2,2061,OK,2023-03
2023-03-16,Surgery,30,21,68.4,4,4,3.3,2418,OK,2023-03
2023-03-16,Peds,25,15,59.0,3,3,3.3,2362,OK,2023-03
2023-03-17,ICU,20,19,95.9,2,2,5.4,4039,CRITICAL,2023-03
2023-03-17,ER,40,36,89.5,6,4,0.2,795,OK,2023-03
2023-03-17,Med-Surg,80,65,80.7,8,9,3.9,1797,OK,2023-03
2023-03-17,Surgery,30,22,73.2,4,3,3.7,2482,OK,2023-03
2023-03-17,Peds,25,15,60.3,3,3,3.2,2041,OK,2023-03
2023-03-18,ICU,20,17,82.7,2,2,6.4,4179,OK,2023-03
2023-03-18,ER,40,31,77.6,3,3,0.1,829,OK,2023-03
2023-03-18,Med-Surg,80,59,74.1,11,8,4.4,1440,OK,2023-03
2023-03-18,Surgery,30,19,62.3,3,3,3.7,2406,OK,2023-03
2023-03-18,Peds,25,13,50.5,3,2,3.0,2515,OK,2023-03
2023-03-19,ICU,20,16,78.7,1,2,6.8,4592,OK,2023-03
2023-03-19,ER,40,29,73.7,5,4,0.4,1329,OK,2023-03
2023-03-19,Med-Surg,80,54,67.2,9,8,4.6,1820,OK,2023-03
2023-03-19,Surgery,30,19,63.9,3,3,3.6,2624,OK,2023-03
2023-03-19,Peds,25,13,53.1,3,2,3.5,2090,OK,2023-03
2023-03-20,ICU,20,17,87.1,3,2,5.9,4081,OK,2023-03
2023-03-20,ER,40,36,90.6,3,6,1.0,845,WARNING,2023-03
2023-03-20,Med-Surg,80,64,79.9,10,9,4.4,1911,OK,2023-03
2023-03-20,Surgery,30,22,72.2,3,3,3.7,2727,OK,2023-03
2023-03-20,Peds,25,16,62.1,2,3,3.0,2096,OK,2023-03
2023-03-21,ICU,20,18,90.9,3,3,5.8,4281,WARNING,2023-03
2023-03-21,ER,40,34,84.5,4,4,0.9,991,OK,2023-03
2023-03-21,Med-Surg,80,65,81.2,11,9,3.8,1886,OK,2023-03
2023-03-21,Surgery,30,22,73.7,4,4,4.2,2570,OK,2023-03
2023-03-21,Peds,25,16,63.0,3,2,2.8,1951,OK,2023-03
2023-03-22,ICU,20,18,90.1,2,2,6.0,3821,WARNING,2023-03
2023-03-22,ER,40,35,87.6,5,4,0.8,988,OK,2023-03
2023-03-22,Med-Surg,80,61,76.1,9,8,3.6,1966,OK,2023-03
2023-03-22,Surgery,30,21,71.6,3,2,4.1,2252,OK,2023-03
2023-03-22,Peds,25,15,61.1,3,3,2.2,1496,OK,2023-03
2023-03-23,ICU,20,19,92.5,3,3,6.3,4102,WARNING,2023-03
2023-03-23,ER,40,36,89.1,4,5,0.8,1012,OK,2023-03
2023-03-23,Med-Surg,80,69,86.6,10,8,4.1,1446,OK,2023-03
2023-03-23,Surgery,30,21,70.5,3,3,3.9,2336,OK,2023-03
2023-03-23,Peds,25,16,63.1,3,3,2.7,2131,OK,2023-03
2023-03-24,ICU,20,19,94.3,2,2,6.0,3931,WARNING,2023-03
2023-03-24,ER,40,34,84.9,4,5,0.6,839,OK,2023-03
2023-03-24,Med-Surg,80,66,82.0,9,9,4.0,1853,OK,2023-03
2023-03-24,Surgery,30,21,70.7,2,3,4.5,2685,OK,2023-03
2023-03-24,Peds,25,16,62.8,4,3,3.0,1976,OK,2023-03
2023-03-25,ICU,20,16,80.2,2,2,6.1,4110,OK,2023-03
2023-03-25,ER,40,31,76.6,5,3,0.6,690,OK,2023-03
2023-03-25,Med-Surg,80,54,67.8,8,8,3.9,2090,OK,2023-03
2023-03-25,Surgery,30,19,64.0,3,3,3.2,2708,OK,2023-03
2023-03-25,Peds,25,13,53.6,3,2,2.1,2264,OK,2023-03
2023-03-26,ICU,20,16,81.9,2,2,6.8,3962,OK,2023-03
2023-03-26,ER,40,32,80.3,4,4,0.3,921,OK,2023-03
2023-03-26,Med-Surg,80,55,69.3,8,8,3.6,1948,OK,2023-03
2023-03-26,Surgery,30,19,62.4,3,2,2.5,2462,OK,2023-03
2023-03-26,Peds,25,14,57.6,3,2,2.8,2104,OK,2023-03
2023-03-27,ICU,20,19,93.5,2,3,6.6,4344,WARNING,2023-03
2023-03-27,ER,40,35,88.1,5,5,0.8,729,OK,2023-03
2023-03-27,Med-Surg,80,63,78.6,10,11,3.5,1506,OK,2023-03
2023-03-27,Surgery,30,22,72.4,4,3,3.9,2455,OK,2023-03
2023-03-27,Peds,25,16,63.7,2,2,2.8,1771,OK,2023-03
2023-03-28,ICU,20,18,91.5,3,2,6.3,3948,WARNING,2023-03
2023-03-28,ER,40,34,85.4,5,4,1.1,912,OK,2023-03
2023-03-28,Med-Surg,80,62,77.3,10,9,4.7,2116,OK,2023-03
2023-03-28,Surgery,30,21,69.8,3,3,3.7,2593,OK,2023-03
2023-03-28,Peds,25,16,62.8,3,3,3.0,1933,OK,2023-03
2023-03-29,ICU,20,20,97.8,2,2,7.2,4201,CRITICAL,2023-03
2023-03-29,ER,40,35,86.5,5,4,1.2,358,OK,2023-03
2023-03-29,Med-Surg,80,67,83.7,8,8,3.9,1918,OK,2023-03
2023-03-29,Surgery,30,21,68.5,4,4,3.1,2538,OK,2023-03
2023-03-29,Peds,25,15,59.8,3,3,2.6,2198,OK,2023-03
2023-03-30,ICU,20,19,97.0,2,2,5.6,4009,CRITICAL,2023-03
2023-03-30,ER,40,35,88.2,6,5,0.3,800,OK,2023-03
2023-03-30,Med-Surg,80,62,77.0,10,10,3.9,1706,OK,2023-03
2023-03-30,Surgery,30,22,72.6,3,3,4.8,2451,OK,2023-03
2023-03-30,Peds,25,15,60.3,3,3,2.8,1970,OK,2023-03
2023-03-31,ICU,20,19,95.6,3,2,5.3,4402,CRITICAL,2023-03
2023-03-31,ER,40,34,85.2,5,3,0.9,558,OK,2023-03
2023-03-31,Med-Surg,80,65,81.8,10,8,3.9,1937,OK,2023-03
2023-03-31,Surgery,30,22,72.2,4,4,3.0,2823,OK,2023-03
2023-03-31,Peds,25,15,61.2,3,2,2.8,2284,OK,2023-03
2023-04-01,ICU,20,16,80.7,3,2,6.2,3950,OK,2023-04
2023-04-01,ER,40,31,77.4,5,4,0.8,840,OK,2023-04
2023-04-01,Med-Surg,80,57,71.3,9,9,3.6,1936,OK,2023-04
2023-04-01,Surgery,30,20,65.6,2,3,3.5,2484,OK,2023-04
2023-04-01,Peds,25,14,54.2,2,2,2.9,1883,OK,2023-04
2023-04-02,ICU,20,16,78.3,2,2,6.5,4293,OK,2023-04
2023-04-02,ER,40,29,72.6,4,5,0.0,707,OK,2023-04
2023-04-02,Med-Surg,80,57,71.4,9,7,3.8,2084,OK,2023-04
2023-04-02,Surgery,30,20,66.7,4,3,3.4,2334,OK,2023-04
2023-04-02,Peds,25,14,54.5,3,3,3.2,1799,OK,2023-04
2023-04-03,ICU,20,19,94.9,2,2,6.3,4599,WARNING,2023-04
2023-04-03,ER,40,38,95.1,5,4,0.8,978,CRITICAL,2023-04
2023-04-03,Med-Surg,80,63,79.2,12,9,4.3,1933,OK,2023-04
2023-04-03,Surgery,30,22,72.9,4,3,3.5,2280,OK,2023-04
2023-04-03,Peds,25,15,61.8,3,3,3.7,2099,OK,2023-04
2023-04-04,ICU,20,19,93.8,2,2,6.5,4370,WARNING,2023-04
2023-04-04,ER,40,34,86.2,5,3,0.3,978,OK,2023-04
2023-04-04,Med-Surg,80,65,81.4,10,9,4.1,1668,OK,2023-04
2023-04-04,Surgery,30,22,73.5,4,4,3.5,2069,OK,2023-04
2023-04-04,Peds,25,16,63.0,3,2,3.2,2022,OK,2023-04
2023-04-05,ICU,20,19,94.9,3,2,5.5,4442,WARNING,2023-04
2023-04-05,ER,40,35,87.7,5,4,0.4,882,OK,2023-04
2023-04-05,Med-Surg,80,62,77.5,8,7,4.7,1674,OK,2023-04
2023-04-05,Surgery,30,23,75.3,3,2,3.2,2747,OK,2023-04
2023-04-05,Peds,25,15,60.7,3,3,3.2,2323,OK,2023-04
2023-04-06,ICU,20,19,96.0,2,2,6.0,4252,CRITICAL,2023-04
2023-04-06,ER,40,34,84.5,4,5,0.5,807,OK,2023-04
2023-04-06,Med-Surg,80,63,78.2,9,8,4.5,2007,OK,2023-04
2023-04-06,Surgery,30,20,68.0,3,3,3.5,2483,OK,2023-04
2023-04-06,Peds,25,15,58.3,3,2,3.0,2114,OK,2023-04
2023-04-07,ICU,20,18,90.0,2,2,6.1,4535,WARNING,2023-04
2023-04-07,ER,40,36,90.5,4,5,0.9,570,WARNING,2023-04
2023-04-07,Med-Surg,80,66,82.0,12,7,3.6,2004,OK,2023-04
2023-04-07,Surgery,30,22,72.6,4,3,4.0,2235,OK,2023-04
2023-04-07,Peds,25,16,62.9,4,3,2.9,1794,OK,2023-04
2023-04-08,ICU,20,16,82.2,2,2,6.8,4133,OK,2023-04
2023-04-08,ER,40,31,77.9,4,4,0.4,845,OK,2023-04
2023-04-08,Med-Surg,80,56,69.6,8,9,3.9,1479,OK,2023-04
2023-04-08,Surgery,30,20,66.7,4,2,4.1,2399,OK,2023-04
2023-04-08,Peds,25,14,54.1,3,2,2.5,1962,OK,2023-04
2023-04-09,ICU,20,16,78.7,2,2,5.8,4336,OK,2023-04
2023-04-09,ER,40,32,80.0,4,4,0.7,894,OK,2023-04
2023-04-09,Med-Surg,80,56,70.6,9,8,3.5,1974,OK,2023-04
2023-04-09,Surgery,30,20,65.0,3,3,4.1,2458,OK,2023-04
2023-04-09,Peds,25,14,55.4,4,2,2.2,2161,OK,2023-04
2023-04-10,ICU,20,19,94.0,2,3,5.5,4339,WARNING,2023-04
2023-04-10,ER,40,34,85.4,6,6,0.1,690,OK,2023-04
2023-04-10,Med-Surg,80,66,82.1,9,9,4.1,1416,OK,2023-04
2023-04-10,Surgery,30,22,72.0,3,3,4.5,2249,OK,2023-04
2023-04-10,Peds,25,16,62.5,3,3,3.3,2168,OK,2023-04
2023-04-11,ICU,20,19,93.6,3,2,5.9,3983,WARNING,2023-04
2023-04-11,ER,40,34,84.8,7,5,0.2,536,OK,2023-04
2023-04-11,Med-Surg,80,65,81.2,10,10,4.0,1775,OK,2023-04
2023-04-11,Surgery,30,22,72.7,4,2,3.7,2330,OK,2023-04
2023-04-11,Peds,25,15,61.3,4,3,2.7,2284,OK,2023-04
2023-04-12,ICU,20,19,93.3,3,2,7.2,3974,WARNING,2023-04
2023-04-12,ER,40,35,88.2,4,5,0.0,717,OK,2023-04
2023-04-12,Med-Surg,80,63,79.3,11,10,3.5,1811,OK,2023-04
2023-04-12,Surgery,30,21,70.5,3,3,3.6,2985,OK,2023-04
2023-04-12,Peds,25,15,61.8,2,3,3.4,2518,OK,2023-04
2023-04-13,ICU,20,18,87.6,2,3,6.4,4026,OK,2023-04
2023-04-13,ER,40,35,88.4,3,4,0.7,985,OK,2023-04
2023-04-13,Med-Surg,80,62,77.6,10,8,4.2,1621,OK,2023-04
2023-04-13,Surgery,30,21,71.1,3,4,4.2,2453,OK,2023-04
2023-04-13,Peds,25,15,61.1,2,3,2.9,2624,OK,2023-04
2023-04-14,ICU,20,18,88.9,3,3,6.3,4552,OK,2023-04
2023-04-14,ER,40,35,88.0,5,4,1.1,1019,OK,2023-04
2023-04-14,Med-Surg,80,63,78.5,8,9,3.7,1787,OK,2023-04
2023-04-14,Surgery,30,22,74.7,3,3,3.8,2670,OK,2023-04
2023-04-14,Peds,25,14,56.9,3,3,3.5,2002,OK,2023-04
2023-04-15,ICU,20,15,76.4,2,2,5.6,4075,OK,2023-04
2023-04-15,ER,40,30,76.1,4,3,0.9,1055,OK,2023-04
2023-04-15,Med-Surg,80,57,71.8,7,8,4.1,1920,OK,2023-04
2023-04-15,Surgery,30,19,64.6,3,3,4.0,2791,OK,2023-04
2023-04-15,Peds,25,14,54.8,3,2,3.6,2182,OK,2023-04
2023-04-16,ICU,20,16,78.9,3,2,6.0,4104,OK,2023-04
2023-04-16,ER,40,31,77.2,5,4,0.7,1140,OK,2023-04
2023-04-16,Med-Surg,80,58,72.7,9,9,3.6,1880,OK,2023-04
2023-04-16,Surgery,30,20,66.8,3,3,3.5,2282,OK,2023-04
2023-04-16,Peds,25,13,52.4,2,2,2.9,2280,OK,2023-04
2023-04-17,ICU,20,18,89.5,3,2,6.7,4068,OK,2023-04
2023-04-17,ER,40,36,89.2,4,5,0.6,911,OK,2023-04
2023-04-17,Med-Surg,80,62,77.2,8,10,3.6,1893,OK,2023-04
2023-04-17,Surgery,30,21,69.0,4,3,4.1,2625,OK,2023-04
2023-04-17,Peds,25,15,59.7,3,3,2.6,1898,OK,2023-04
2023-04-18,ICU,20,17,86.6,3,2,6.2,4147,OK,2023-04
2023-04-18,ER,40,36,88.8,5,4,0.9,867,OK,2023-04
2023-04-18,Med-Surg,80,65,80.8,10,7,4.5,1922,OK,2023-04
2023-04-18,Surgery,30,21,69.8,3,3,3.7,2567,OK,2023-04
2023-04-18,Peds,25,16,63.6,3,2,3.2,2366,OK,2023-04
2023-04-19,ICU,20,19,93.1,3,3,6.7,4250,WARNING,2023-04
2023-04-19,ER,40,36,89.7,5,4,0.3,1113,OK,2023-04
2023-04-19,Med-Surg,80,62,78.0,12,9,3.4,1874,OK,2023-04
2023-04-19,Surgery,30,20,67.5,4,4,3.5,2525,OK,2023-04
2023-04-19,Peds,25,16,64.6,3,2,3.6,2493,OK,2023-04
2023-04-20,ICU,20,18,92.0,3,3,5.8,4103,WARNING,2023-04
2023-04-20,ER,40,36,90.2,6,5,0.1,1197,WARNING,2023-04
2023-04-20,Med-Surg,80,63,78.7,9,9,4.9,1971,OK,2023-04
2023-04-20,Surgery,30,22,72.9,4,3,4.1,1994,OK,2023-04
2023-04-20,Peds,25,15,60.5,3,2,3.1,2059,OK,2023-04
2023-04-21,ICU,20,19,96.8,3,2,6.1,4185,CRITICAL,2023-04
2023-04-21,ER,40,34,85.8,5,4,0.1,925,OK,2023-04
2023-04-21,Med-Surg,80,65,81.5,8,10,3.8,1851,OK,2023-04
2023-04-21,Surgery,30,22,73.8,4,4,3.5,2461,OK,2023-04
2023-04-21,Peds,25,15,60.6,3,3,2.1,2002,OK,2023-04
2023-04-22,ICU,20,16,80.3,2,2,6.2,4296,OK,2023-04
2023-04-22,ER,40,31,78.6,4,3,0.0,703,OK,2023-04
2023-04-22,Med-Surg,80,56,69.7,7,6,3.9,1836,OK,2023-04
2023-04-22,Surgery,30,19,64.5,3,3,3.3,2494,OK,2023-04
2023-04-22,Peds,25,13,52.3,3,2,2.7,2160,OK,2023-04
2023-04-23,ICU,20,16,81.4,3,2,5.7,4181,OK,2023-04
2023-04-23,ER,40,29,72.5,4,3,1.0,690,OK,2023-04
2023-04-23,Med-Surg,80,56,70.2,8,10,3.9,2167,OK,2023-04
2023-04-23,Surgery,30,19,64.9,3,3,4.0,2114,OK,2023-04
2023-04-23,Peds,25,13,53.2,3,2,2.2,2090,OK,2023-04
2023-04-24,ICU,20,19,96.7,3,2,6.7,4127,CRITICAL,2023-04
2023-04-24,ER,40,33,82.6,4,5,0.4,751,OK,2023-04
2023-04-24,Med-Surg,80,63,79.3,12,11,5.2,1768,OK,2023-04
2023-04-24,Surgery,30,22,72.6,3,4,3.2,2543,OK,2023-04
2023-04-24,Peds,25,15,59.0,3,2,2.6,1992,OK,2023-04
2023-04-25,ICU,20,18,90.5,3,2,6.3,4444,WARNING,2023-04
2023-04-25,ER,40,34,85.7,4,4,1.1,839,OK,2023-04
2023-04-25,Med-Surg,80,63,78.7,10,7,4.4,1882,OK,2023-04
2023-04-25,Surgery,30,21,71.3,3,3,4.1,2746,OK,2023-04
2023-04-25,Peds,25,15,59.8,3,2,2.6,2094,OK,2023-04
2023-04-26,ICU,20,18,89.5,2,2,6.3,4163,OK,2023-04
2023-04-26,ER,40,32,81.2,3,4,0.7,250,OK,2023-04
2023-04-26,Med-Surg,80,63,78.8,9,11,3.9,1877,OK,2023-04
2023-04-26,Surgery,30,22,72.3,2,4,3.9,2602,OK,2023-04
2023-04-26,Peds,25,17,68.2,2,3,2.8,2157,OK,2023-04
2023-04-27,ICU,20,18,91.9,2,2,6.4,3897,WARNING,2023-04
2023-04-27,ER,40,36,89.0,5,4,0.3,1051,OK,2023-04
2023-04-27,Med-Surg,80,63,78.7,10,8,4.5,1937,OK,2023-04
2023-04-27,Surgery,30,23,76.0,4,4,3.8,2759,OK,2023-04
2023-04-27,Peds,25,15,59.7,3,3,2.9,2118,OK,2023-04
2023-04-28,ICU,20,19,92.7,2,2,7.0,4397,WARNING,2023-04
2023-04-28,ER,40,36,89.3,4,4,1.0,975,OK,2023-04
2023-04-28,Med-Surg,80,67,83.5,9,8,3.3,1722,OK,2023-04
2023-04-28,Surgery,30,22,74.2,3,4,3.7,2565,OK,2023-04
2023-04-28,Peds,25,15,58.9,3,2,2.8,1774,OK,2023-04
2023-04-29,ICU,20,17,83.9,2,2,7.0,4010,OK,2023-04
2023-04-29,ER,40,32,80.6,5,4,1.1,579,OK,2023-04
2023-04-29,Med-Surg,80,55,68.7,8,7,3.6,2045,OK,2023-04
2023-04-29,Surgery,30,19,62.9,3,3,2.9,2554,OK,2023-04
2023-04-29,Peds,25,13,50.6,3,2,3.9,2282,OK,2023-04
2023-04-30,ICU,20,16,81.2,3,2,6.5,4240,OK,2023-04
2023-04-30,ER,40,31,77.2,5,4,0.6,469,OK,2023-04
2023-04-30,Med-Surg,80,55,68.4,8,8,3.5,2282,OK,2023-04
2023-04-30,Surgery,30,20,66.2,3,3,3.7,2310,OK,2023-04
2023-04-30,Peds,25,13,53.8,3,2,3.1,2069,OK,2023-04
2023-05-01,ICU,20,17,86.7,2,2,7.1,4311,OK,2023-05
2023-05-01,ER,40,33,83.5,5,3,1.0,706,OK,2023-05
2023-05-01,Med-Surg,80,64,79.8,12,7,3.4,1683,OK,2023-05
2023-05-01,Surgery,30,22,74.2,3,2,3.6,2610,OK,2023-05
2023-05-01,Peds,25,16,63.2,3,3,3.5,1726,OK,2023-05
2023-05-02,ICU,20,18,90.9,2,2,5.9,4207,WARNING,2023-05
2023-05-02,ER,40,32,80.5,4,5,0.0,812,OK,2023-05
2023-05-02,Med-Surg,80,65,81.1,9,9,3.6,1759,OK,2023-05
2023-05-02,Surgery,30,22,73.3,4,3,3.9,2643,OK,2023-05
2023-05-02,Peds,25,14,57.2,4,3,3.1,2339,OK,2023-05
2023-05-03,ICU,20,18,88.2,2,2,5.8,4547,OK,2023-05
2023-05-03,ER,40,34,84.8,4,5,0.1,721,OK,2023-05
2023-05-03,Med-Surg,80,65,80.8,9,9,3.8,1497,OK,2023-05
2023-05-03,Surgery,30,22,72.7,5,3,3.9,2639,OK,2023-05
2023-05-03,Peds,25,15,58.7,4,3,3.7,1953,OK,2023-05
2023-05-04,ICU,20,19,97.0,3,2,6.3,4150,CRITICAL,2023-05
2023-05-04,ER,40,36,90.1,5,3,0.1,763,WARNING,2023-05
2023-05-04,Med-Surg,80,65,80.7,10,10,3.1,1829,OK,2023-05
2023-05-04,Surgery,30,20,68.1,4,3,4.0,2327,OK,2023-05
2023-05-04,Peds,25,16,63.3,3,3,2.8,2216,OK,2023-05
2023-05-05,ICU,20,18,90.0,3,3,6.7,4054,WARNING,2023-05
2023-05-05,ER,40,35,87.9,4,5,0.7,426,OK,2023-05
2023-05-05,Med-Surg,80,62,77.2,9,8,3.5,1878,OK,2023-05
2023-05-05,Surgery,30,22,72.5,3,3,4.3,2831,OK,2023-05
2023-05-05,Peds,25,15,60.1,3,3,2.7,2072,OK,2023-05
2023-05-06,ICU,20,17,82.8,2,2,6.2,4118,OK,2023-05
2023-05-06,ER,40,31,76.4,4,3,1.2,808,OK,2023-05
2023-05-06,Med-Surg,80,57,71.3,10,7,4.3,1746,OK,2023-05
2023-05-06,Surgery,30,19,65.0,2,3,3.5,2586,OK,2023-05
2023-05-06,Peds,25,14,54.4,2,2,2.8,1921,OK,2023-05
2023-05-07,ICU,20,17,83.0,2,1,6.0,3992,OK,2023-05
2023-05-07,ER,40,29,72.8,3,4,1.2,863,OK,2023-05
2023-05-07,Med-Surg,80,55,69.1,9,7,3.8,1569,OK,2023-05
2023-05-07,Surgery,30,18,60.0,3,3,3.8,2417,OK,2023-05
2023-05-07,Peds,25,13,52.2,3,2,3.3,1900,OK,2023-05
2023-05-08,ICU,20,18,89.9,2,2,6.7,4303,OK,2023-05
2023-05-08,ER,40,36,89.6,5,4,0.3,644,OK,2023-05
2023-05-08,Med-Surg,80,67,83.2,8,10,4.5,2166,OK,2023-05
2023-05-08,Surgery,30,21,71.1,4,4,3.5,2193,OK,2023-05
2023-05-08,Peds,25,14,57.6,3,2,2.7,2187,OK,2023-05
2023-05-09,ICU,20,19,92.5,3,2,6.8,4010,WARNING,2023-05
2023-05-09,ER,40,34,85.2,4,5,1.0,890,OK,2023-05
2023-05-09,Med-Surg,80,66,82.8,8,11,4.9,1947,OK,2023-05
2023-05-09,Surgery,30,23,75.8,3,3,3.4,2644,OK,2023-05
2023-05-09,Peds,25,15,59.1,3,3,3.2,2157,OK,2023-05
2023-05-10,ICU,20,18,89.3,2,3,6.6,4192,OK,2023-05
2023-05-10,ER,40,34,85.9,3,4,1.5,544,OK,2023-05
2023-05-10,Med-Surg,80,64,80.5,11,7,4.2,1988,OK,2023-05
2023-05-10,Surgery,30,22,72.0,5,2,4.3,2465,OK,2023-05
2023-05-10,Peds,25,16,62.4,3,2,3.0,1728,OK,2023-05
2023-05-11,ICU,20,19,93.7,3,2,6.7,4274,WARNING,2023-05
2023-05-11,ER,40,35,87.4,4,4,1.1,1087,OK,2023-05
2023-05-11,Med-Surg,80,64,79.4,10,8,4.7,1933,OK,2023-05
2023-05-11,Surgery,30,23,76.2,3,3,3.9,2629,OK,2023-05
2023-05-11,Peds,25,15,60.6,3,3,3.3,1917,OK,2023-05
2023-05-12,ICU,20,19,95.7,3,2,6.2,4311,CRITICAL,2023-05
2023-05-12,ER,40,34,84.8,5,3,0.9,488,OK,2023-05
2023-05-12,Med-Surg,80,67,83.6,9,9,3.8,1742,OK,2023-05
2023-05-12,Surgery,30,23,75.1,2,4,4.0,2259,OK,2023-05
2023-05-12,Peds,25,15,59.0,4,2,2.3,2327,OK,2023-05
2023-05-13,ICU,20,16,81.8,2,2,5.7,4420,OK,2023-05
2023-05-13,ER,40,32,79.0,5,4,1.4,800,OK,2023-05
2023-05-13,Med-Surg,80,54,67.9,9,10,3.6,1728,OK,2023-05
2023-05-13,Surgery,30,19,64.2,3,2,4.4,2964,OK,2023-05
2023-05-13,Peds,25,13,54.0,2,2,3.0,2321,OK,2023-05
2023-05-14,ICU,20,16,82.1,2,2,5.7,4367,OK,2023-05
2023-05-14,ER,40,31,78.7,3,5,0.8,1080,OK,2023-05
2023-05-14,Med-Surg,80,54,67.6,7,8,4.4,2159,OK,2023-05
2023-05-14,Surgery,30,19,64.7,3,2,4.4,2307,OK,2023-05
2023-05-14,Peds,25,14,56.3,3,3,3.2,2073,OK,2023-05
2023-05-15,ICU,20,18,90.6,2,2,6.2,4081,WARNING,2023-05
2023-05-15,ER,40,35,86.6,5,3,0.7,604,OK,2023-05
2023-05-15,Med-Surg,80,62,77.2,7,6,3.4,1658,OK,2023-05
2023-05-15,Surgery,30,23,76.2,3,3,4.0,2526,OK,2023-05
2023-05-15,Peds,25,15,60.9,2,3,3.8,1763,OK,2023-05
2023-05-16,ICU,20,18,89.2,2,2,6.5,4054,OK,2023-05
2023-05-16,ER,40,37,92.7,6,5,1.0,1021,WARNING,2023-05
2023-05-16,Med-Surg,80,63,78.6,8,9,4.5,1828,OK,2023-05
2023-05-16,Surgery,30,21,68.6,3,3,3.8,2895,OK,2023-05
2023-05-16,Peds,25,15,58.5,3,3,4.0,2019,OK,2023-05
2023-05-17,ICU,20,19,93.4,3,2,6.2,4287,WARNING,2023-05
2023-05-17,ER,40,32,80.4,5,4,0.4,1209,OK,2023-05
2023-05-17,Med-Surg,80,63,78.4,9,11,3.7,1690,OK,2023-05
2023-05-17,Surgery,30,22,71.7,4,3,3.2,2394,OK,2023-05
2023-05-17,Peds,25,15,59.9,3,3,3.1,1745,OK,2023-05
2023-05-18,ICU,20,19,94.9,2,3,6.4,4420,WARNING,2023-05
2023-05-18,ER,40,35,88.2,6,5,0.5,1254,OK,2023-05
2023-05-18,Med-Surg,80,66,82.1,10,7,3.5,1859,OK,2023-05
2023-05-18,Surgery,30,22,72.3,3,3,4.6,2639,OK,2023-05
2023-05-18,Peds,25,15,58.9,3,2,2.7,2017,OK,2023-05
2023-05-19,ICU,20,18,90.7,2,2,5.9,3614,WARNING,2023-05
2023-05-19,ER,40,37,92.4,6,4,0.5,566,WARNING,2023-05
2023-05-19,Med-Surg,80,67,84.1,12,9,4.6,1835,OK,2023-05
2023-05-19,Surgery,30,21,69.1,3,3,3.6,2456,OK,2023-05
2023-05-19,Peds,25,15,60.8,3,3,2.4,1957,OK,2023-05
2023-05-20,ICU,20,16,77.8,2,1,6.8,4477,OK,2023-05
2023-05-20,ER,40,30,75.9,3,4,0.5,598,OK,2023-05
2023-05-20,Med-Surg,80,55,69.3,10,9,3.6,1480,OK,2023-05
2023-05-20,Surgery,30,19,62.7,3,3,3.5,2602,OK,2023-05
2023-05-20,Peds,25,14,56.8,3,2,2.8,2029,OK,2023-05
2023-05-21,ICU,20,17,83.8,2,2,6.2,4100,OK,2023-05
2023-05-21,ER,40,29,73.4,4,4,0.8,693,OK,2023-05
2023-05-21,Med-Surg,80,58,73.0,7,10,3.2,1887,OK,2023-05
2023-05-21,Surgery,30,19,64.3,3,3,4.4,2057,OK,2023-05
2023-05-21,Peds,25,14,54.5,2,2,3.7,1984,OK,2023-05
2023-05-22,ICU,20,18,88.8,2,3,5.3,3990,OK,2023-05
2023-05-22,ER,40,36,90.9,6,4,0.1,1219,WARNING,2023-05
2023-05-22,Med-Surg,80,67,83.8,11,8,4.1,1768,OK,2023-05
2023-05-22,Surgery,30,22,72.7,4,4,3.3,2775,OK,2023-05
2023-05-22,Peds,25,15,61.6,3,3,2.3,2093,OK,2023-05
2023-05-23,ICU,20,18,90.5,2,2,7.5,3832,WARNING,2023-05
2023-05-23,ER,40,35,86.9,5,4,0.4,540,OK,2023-05
2023-05-23,Med-Surg,80,64,80.6,9,6,4.7,1992,OK,2023-05
2023-05-23,Surgery,30,22,72.1,4,4,3.9,2681,OK,2023-05
2023-05-23,Peds,25,15,60.5,4,3,3.0,1846,OK,2023-05
2023-05-24,ICU,20,19,92.8,2,2,5.8,3987,WARNING,2023-05
2023-05-24,ER,40,37,92.5,6,6,0.1,814,WARNING,2023-05
2023-05-24,Med-Surg,80,62,76.9,9,8,4.7,1721,OK,2023-05
2023-05-24,Surgery,30,22,74.3,4,4,3.1,2752,OK,2023-05
2023-05-24,Peds,25,16,63.1,3,3,3.1,2055,OK,2023-05
2023-05-25,ICU,20,18,89.7,2,3,6.2,4356,OK,2023-05
2023-05-25,ER,40,34,84.9,4,5,0.2,717,OK,2023-05
2023-05-25,Med-Surg,80,64,80.1,10,9,4.3,1939,OK,2023-05
2023-05-25,Surgery,30,22,73.6,3,3,4.4,2679,OK,2023-05
2023-05-25,Peds,25,15,58.5,3,2,2.9,2480,OK,2023-05
2023-05-26,ICU,20,18,89.4,2,2,5.4,4073,OK,2023-05
2023-05-26,ER,40,35,88.6,4,4,0.9,884,OK,2023-05
2023-05-26,Med-Surg,80,65,80.6,9,9,4.0,1892,OK,2023-05
2023-05-26,Surgery,30,21,70.9,4,3,3.8,2338,OK,2023-05
2023-05-26,Peds,25,15,59.0,3,3,3.3,2014,OK,2023-05
2023-05-27,ICU,20,16,82.0,2,2,5.8,4230,OK,2023-05
2023-05-27,ER,40,31,77.4,4,3,0.6,1243,OK,2023-05
2023-05-27,Med-Surg,80,56,69.6,8,8,4.3,2039,OK,2023-05
2023-05-27,Surgery,30,18,61.0,4,3,3.7,2568,OK,2023-05
2023-05-27,Peds,25,14,55.3,3,2,3.3,2087,OK,2023-05
2023-05-28,ICU,20,16,81.1,2,2,6.8,4183,OK,2023-05
2023-05-28,ER,40,30,74.0,4,4,1.1,921,OK,2023-05
2023-05-28,Med-Surg,80,55,68.6,12,8,4.7,1770,OK,2023-05
2023-05-28,Surgery,30,19,64.4,4,3,4.3,2674,OK,2023-05
2023-05-28,Peds,25,13,53.2,2,3,3.4,2055,OK,2023-05
2023-05-29,ICU,20,19,94.9,3,2,5.8,4172,WARNING,2023-05
2023-05-29,ER,40,35,87.8,4,5,0.7,808,OK,2023-05
2023-05-29,Med-Surg,80,61,76.6,8,9,3.0,2003,OK,2023-05
2023-05-29,Surgery,30,21,71.7,5,4,3.7,2479,OK,2023-05
2023-05-29,Peds,25,16,62.8,4,2,2.0,1976,OK,2023-05
2023-05-30,ICU,20,19,93.6,3,3,5.6,3737,WARNING,2023-05
2023-05-30,ER,40,36,89.2,4,3,0.6,959,OK,2023-05
2023-05-30,Med-Surg,80,64,79.7,9,9,3.9,1530,OK,2023-05
2023-05-30,Surgery,30,21,70.5,4,3,3.9,2301,OK,2023-05
2023-05-30,Peds,25,15,60.7,2,3,3.6,1805,OK,2023-05
2023-05-31,ICU,20,18,90.4,3,3,6.0,4062,WARNING,2023-05
2023-05-31,ER,40,33,81.9,5,6,0.6,796,OK,2023-05
2023-05-31,Med-Surg,80,65,80.8,10,8,4.5,1845,OK,2023-05
2023-05-31,Surgery,30,22,72.0,3,4,4.1,2389,OK,2023-05
2023-05-31,Peds,25,16,62.8,3,2,2.5,1746,OK,2023-05
2023-06-01,ICU,20,17,85.8,2,2,5.2,4183,OK,2023-06
2023-06-01,ER,40,32,79.7,4,3,0.1,893,OK,2023-06
2023-06-01,Med-Surg,80,58,72.4,9,7,4.2,2061,OK,2023-06
2023-06-01,Surgery,30,20,67.4,3,3,3.7,2502,OK,2023-06
2023-06-01,Peds,25,14,55.6,3,3,2.4,1897,OK,2023-06
2023-06-02,ICU,20,16,81.1,2,2,6.3,4021,OK,2023-06
2023-06-02,ER,40,33,81.3,4,3,0.8,962,OK,2023-06
2023-06-02,Med-Surg,80,57,71.4,9,7,4.1,1547,OK,2023-06
2023-06-02,Surgery,30,19,62.7,3,3,3.6,2263,OK,2023-06
2023-06-02,Peds,25,14,55.4,3,3,3.0,1966,OK,2023-06
2023-06-03,ICU,20,15,77.1,2,2,6.8,4296,OK,2023-06
2023-06-03,ER,40,28,70.0,4,4,0.2,606,OK,2023-06
2023-06-03,Med-Surg,80,51,64.0,9,8,3.6,1738,OK,2023-06
2023-06-03,Surgery,30,17,57.2,3,3,3.1,2822,OK,2023-06
2023-06-03,Peds,25,13,50.6,3,2,2.8,1813,OK,2023-06
2023-06-04,ICU,20,15,73.3,2,2,5.6,4127,OK,2023-06
2023-06-04,ER,40,28,70.1,3,4,0.1,761,OK,2023-06
2023-06-04,Med-Surg,80,51,63.9,7,7,4.0,1726,OK,2023-06
2023-06-04,Surgery,30,17,57.0,3,3,3.9,2699,OK,2023-06
2023-06-04,Peds,25,12,47.3,2,2,2.2,1952,OK,2023-06
2023-06-05,ICU,20,18,87.7,3,2,5.4,4161,OK,2023-06
2023-06-05,ER,40,32,80.8,5,3,0.1,787,OK,2023-06
2023-06-05,Med-Surg,80,60,74.8,6,8,4.2,1970,OK,2023-06
2023-06-05,Surgery,30,20,67.6,4,3,2.8,2421,OK,2023-06
2023-06-05,Peds,25,14,57.8,3,3,3.1,2176,OK,2023-06
2023-06-06,ICU,20,17,83.2,2,3,5.7,4523,OK,2023-06
2023-06-06,ER,40,32,79.3,5,3,0.8,653,OK,2023-06
2023-06-06,Med-Surg,80,56,70.5,9,9,3.7,1500,OK,2023-06
2023-06-06,Surgery,30,20,66.1,3,3,4.3,2488,OK,2023-06
2023-06-06,Peds,25,15,59.2,3,2,2.1,2047,OK,2023-06
2023-06-07,ICU,20,17,83.8,3,2,5.6,4234,OK,2023-06
2023-06-07,ER,40,33,81.7,5,5,0.9,812,OK,2023-06
2023-06-07,Med-Surg,80,60,74.5,10,6,3.9,1645,OK,2023-06
2023-06-07,Surgery,30,20,67.0,4,3,2.6,2418,OK,2023-06
2023-06-07,Peds,25,14,57.7,3,3,2.8,1844,OK,2023-06
2023-06-08,ICU,20,17,85.9,2,3,6.5,4084,OK,2023-06
2023-06-08,ER,40,31,78.6,4,4,1.1,837,OK,2023-06
2023-06-08,Med-Surg,80,58,72.0,11,8,4.5,1678,OK,2023-06
2023-06-08,Surgery,30,20,67.0,3,2,4.8,2758,OK,2023-06
2023-06-08,Peds,25,14,55.5,2,3,2.9,2171,OK,2023-06
2023-06-09,ICU,20,17,85.1,2,2,6.5,3990,OK,2023-06
2023-06-09,ER,40,33,83.3,6,6,0.1,849,OK,2023-06
2023-06-09,Med-Surg,80,55,69.0,10,7,5.1,1645,OK,2023-06
2023-06-09,Surgery,30,19,62.9,3,2,4.2,2087,OK,2023-06
2023-06-09,Peds,25,14,56.2,2,2,3.7,2172,OK,2023-06
2023-06-10,ICU,20,15,72.6,2,2,6.4,3927,OK,2023-06
2023-06-10,ER,40,29,71.7,2,3,0.3,927,OK,2023-06
2023-06-10,Med-Surg,80,52,64.8,6,6,4.2,1784,OK,2023-06
2023-06-10,Surgery,30,17,57.3,3,3,3.5,2482,OK,2023-06
2023-06-10,Peds,25,13,52.6,2,2,3.3,1964,OK,2023-06
2023-06-11,ICU,20,15,73.8,2,2,7.0,4360,OK,2023-06
2023-06-11,ER,40,29,72.3,3,3,0.9,638,OK,2023-06
2023-06-11,Med-Surg,80,53,66.6,8,7,4.1,1662,OK,2023-06
2023-06-11,Surgery,30,18,58.6,3,2,3.9,2686,OK,2023-06
2023-06-11,Peds,25,12,48.8,3,3,2.8,2179,OK,2023-06
2023-06-12,ICU,20,17,82.8,2,2,6.3,3996,OK,2023-06
2023-06-12,ER,40,32,80.5,5,4,1.0,753,OK,2023-06
2023-06-12,Med-Surg,80,60,75.3,9,7,4.3,1602,OK,2023-06
2023-06-12,Surgery,30,19,65.0,3,3,3.2,2711,OK,2023-06
2023-06-12,Peds,25,14,57.1,2,2,2.8,2011,OK,2023-06
2023-06-13,ICU,20,17,84.9,2,1,6.0,4139,OK,2023-06
2023-06-13,ER,40,33,81.6,4,5,0.5,1062,OK,2023-06
2023-06-13,Med-Surg,80,58,73.1,10,8,4.7,1723,OK,2023-06
2023-06-13,Surgery,30,19,64.1,4,3,3.9,2747,OK,2023-06
2023-06-13,Peds,25,14,54.4,3,2,2.8,2114,OK,2023-06
2023-06-14,ICU,20,16,80.8,2,2,6.6,4187,OK,2023-06
2023-06-14,ER,40,32,80.6,4,5,0.4,846,OK,2023-06
2023-06-14,Med-Surg,80,61,76.1,8,10,3.3,2126,OK,2023-06
2023-06-14,Surgery,30,20,65.5,3,2,3.6,2292,OK,2023-06
2023-06-14,Peds,25,14,55.1,3,3,3.0,2162,OK,2023-06
2023-06-15,ICU,20,16,81.9,2,3,5.8,4531,OK,2023-06
2023-06-15,ER,40,32,79.5,4,5,1.1,778,OK,2023-06
2023-06-15,Med-Surg,80,58,72.7,9,9,4.5,1801,OK,2023-06
2023-06-15,Surgery,30,20,67.5,4,3,4.0,2196,OK,2023-06
2023-06-15,Peds,25,13,51.7,3,2,2.6,2149,OK,2023-06
2023-06-16,ICU,20,17,84.5,3,2,5.8,4398,OK,2023-06
2023-06-16,ER,40,32,79.5,5,4,0.2,817,OK,2023-06
2023-06-16,Med-Surg,80,59,73.6,9,8,3.2,1713,OK,2023-06
2023-06-16,Surgery,30,20,67.8,3,3,4.3,2358,OK,2023-06
2023-06-16,Peds,25,13,53.5,3,2,2.4,2065,OK,2023-06
2023-06-17,ICU,20,15,75.6,2,2,7.1,4131,OK,2023-06
2023-06-17,ER,40,28,71.0,4,3,0.2,704,OK,2023-06
2023-06-17,Med-Surg,80,52,65.5,11,6,3.9,1787,OK,2023-06
2023-06-17,Surgery,30,18,59.0,3,3,2.6,2023,OK,2023-06
2023-06-17,Peds,25,12,48.7,3,2,1.4,2214,OK,2023-06
2023-06-18,ICU,20,15,75.0,2,2,5.7,4222,OK,2023-06
2023-06-18,ER,40,28,69.1,4,2,0.1,575,OK,2023-06
2023-06-18,Med-Surg,80,51,64.3,7,8,3.2,1809,OK,2023-06
2023-06-18,Surgery,30,18,59.3,4,2,4.0,2139,OK,2023-06
2023-06-18,Peds,25,11,45.8,3,2,3.5,1825,OK,2023-06
2023-06-19,ICU,20,17,86.0,3,2,6.3,4202,OK,2023-06
2023-06-19,ER,40,31,76.3,5,4,0.8,487,OK,2023-06
2023-06-19,Med-Surg,80,57,71.0,11,8,4.8,1784,OK,2023-06
2023-06-19,Surgery,30,19,62.6,4,3,4.1,2505,OK,2023-06
2023-06-19,Peds,25,13,53.5,3,3,3.1,2088,OK,2023-06
2023-06-20,ICU,20,17,87.4,2,2,5.7,4247,OK,2023-06
2023-06-20,ER,40,33,82.5,4,5,0.5,622,OK,2023-06
2023-06-20,Med-Surg,80,61,75.8,8,9,4.0,1788,OK,2023-06
2023-06-20,Surgery,30,20,67.2,3,2,3.2,2686,OK,2023-06
2023-06-20,Peds,25,14,55.9,3,2,2.4,1696,OK,2023-06
2023-06-21,ICU,20,17,84.4,2,2,6.2,4273,OK,2023-06
2023-06-21,ER,40,34,85.1,3,5,1.0,644,OK,2023-06
2023-06-21,Med-Surg,80,59,74.0,8,8,4.9,1921,OK,2023-06
2023-06-21,Surgery,30,20,67.3,3,2,3.7,2741,OK,2023-06
2023-06-21,Peds,25,13,53.5,2,3,2.4,1941,OK,2023-06
2023-06-22,ICU,20,17,83.6,2,2,6.6,3939,OK,2023-06
2023-06-22,ER,40,30,76.2,4,4,0.4,707,OK,2023-06
2023-06-22,Med-Surg,80,59,73.7,7,9,4.3,1718,OK,2023-06
2023-06-22,Surgery,30,20,68.2,3,4,3.9,2433,OK,2023-06
2023-06-22,Peds,25,14,56.1,3,3,2.4,1947,OK,2023-06
2023-06-23,ICU,20,17,87.3,2,2,7.0,4120,OK,2023-06
2023-06-23,ER,40,33,81.7,4,5,0.6,895,OK,2023-06
2023-06-23,Med-Surg,80,58,72.2,7,9,3.1,1737,OK,2023-06
2023-06-23,Surgery,30,20,68.1,3,4,4.3,2369,OK,2023-06
2023-06-23,Peds,25,14,56.2,3,2,2.4,1988,OK,2023-06
2023-06-24,ICU,20,14,69.9,2,2,5.4,4281,OK,2023-06
2023-06-24,ER,40,29,71.9,4,3,0.8,936,OK,2023-06
2023-06-24,Med-Surg,80,52,65.4,7,7,4.7,1681,OK,2023-06
2023-06-24,Surgery,30,19,62.0,3,3,3.5,2545,OK,2023-06
2023-06-24,Peds,25,12,46.8,2,2,3.0,2299,OK,2023-06
2023-06-25,ICU,20,15,75.9,1,2,6.3,4045,OK,2023-06
2023-06-25,ER,40,28,70.8,4,3,0.6,679,OK,2023-06
2023-06-25,Med-Surg,80,51,64.0,7,6,4.2,1917,OK,2023-06
2023-06-25,Surgery,30,18,59.2,3,3,3.5,2668,OK,2023-06
2023-06-25,Peds,25,12,47.4,2,2,3.4,2289,OK,2023-06
2023-06-26,ICU,20,17,85.9,3,2,6.4,4175,OK,2023-06
2023-06-26,ER,40,33,82.1,4,4,0.8,975,OK,2023-06
2023-06-26,Med-Surg,80,58,72.1,9,7,2.9,1840,OK,2023-06
2023-06-26,Surgery,30,20,67.5,3,2,3.6,2056,OK,2023-06
2023-06-26,Peds,25,15,58.4,2,3,3.4,1920,OK,2023-06
2023-06-27,ICU,20,16,81.8,2,2,6.3,4103,OK,2023-06
2023-06-27,ER,40,30,75.8,3,4,0.2,689,OK,2023-06
2023-06-27,Med-Surg,80,60,75.1,10,8,3.9,1900,OK,2023-06
2023-06-27,Surgery,30,19,63.5,3,3,4.1,2113,OK,2023-06
2023-06-27,Peds,25,14,54.8,2,3,3.1,2399,OK,2023-06
2023-06-28,ICU,20,17,83.4,2,2,6.3,4454,OK,2023-06
2023-06-28,ER,40,32,80.7,4,3,0.3,932,OK,2023-06
2023-06-28,Med-Surg,80,61,76.2,11,9,4.7,1684,OK,2023-06
2023-06-28,Surgery,30,19,63.9,4,3,3.9,2577,OK,2023-06
2023-06-28,Peds,25,14,56.7,3,3,3.2,2269,OK,2023-06
2023-06-29,ICU,20,17,85.9,2,2,5.5,4411,OK,2023-06
2023-06-29,ER,40,31,77.2,5,4,0.8,793,OK,2023-06
2023-06-29,Med-Surg,80,56,70.1,9,7,4.5,1800,OK,2023-06
2023-06-29,Surgery,30,20,67.0,3,3,3.6,2671,OK,2023-06
2023-06-29,Peds,25,15,58.9,2,3,1.8,1861,OK,2023-06
2023-06-30,ICU,20,16,82.2,2,2,6.4,4157,OK,2023-06
2023-06-30,ER,40,32,81.0,5,4,0.8,786,OK,2023-06
2023-06-30,Med-Surg,80,57,71.0,10,7,3.6,1764,OK,2023-06
2023-06-30,Surgery,30,19,64.4,3,3,4.0,2320,OK,2023-06
2023-06-30,Peds,25,14,55.3,3,3,3.9,2336,OK,2023-06
2023-07-01,ICU,20,15,77.0,2,2,6.2,4090,OK,2023-07
2023-07-01,ER,40,28,70.8,4,4,0.1,948,OK,2023-07
2023-07-01,Med-Surg,80,51,63.5,8,7,4.0,1953,OK,2023-07
2023-07-01,Surgery,30,17,56.5,4,2,3.5,2574,OK,2023-07
2023-07-01,Peds,25,13,50.3,2,2,3.1,2054,OK,2023-07
2023-07-02,ICU,20,16,77.6,2,2,5.7,4184,OK,2023-07
2023-07-02,ER,40,28,69.8,3,4,0.2,931,OK,2023-07
2023-07-02,Med-Surg,80,50,62.7,10,6,4.2,1958,OK,2023-07
2023-07-02,Surgery,30,17,57.3,3,2,4.5,2503,OK,2023-07
2023-07-02,Peds,25,12,48.5,2,2,2.6,1950,OK,2023-07
2023-07-03,ICU,20,17,84.1,2,3,5.9,4366,OK,2023-07
2023-07-03,ER,40,32,80.5,4,4,0.9,762,OK,2023-07
2023-07-03,Med-Surg,80,61,76.2,10,9,3.9,1584,OK,2023-07
2023-07-03,Surgery,30,20,65.0,3,3,2.7,2498,OK,2023-07
2023-07-03,Peds,25,14,56.4,3,3,3.1,2362,OK,2023-07
2023-07-04,ICU,20,17,84.1,3,3,6.9,3982,OK,2023-07
2023-07-04,ER,40,32,79.4,4,4,0.8,632,OK,2023-07
2023-07-04,Med-Surg,80,59,73.7,6,10,3.8,1811,OK,2023-07
2023-07-04,Surgery,30,20,65.6,4,2,3.8,2479,OK,2023-07
2023-07-04,Peds,25,14,55.4,3,2,3.3,2171,OK,2023-07
2023-07-05,ICU,20,18,87.8,2,2,6.7,4285,OK,2023-07
2023-07-05,ER,40,31,76.3,4,4,0.9,664,OK,2023-07
2023-07-05,Med-Surg,80,54,67.2,10,7,3.1,1234,OK,2023-07
2023-07-05,Surgery,30,20,67.9,3,3,4.5,2627,OK,2023-07
2023-07-05,Peds,25,15,58.8,2,3,2.1,2054,OK,2023-07
2023-07-06,ICU,20,17,84.0,2,2,6.5,4341,OK,2023-07
2023-07-06,ER,40,34,85.2,4,3,0.6,640,OK,2023-07
2023-07-06,Med-Surg,80,61,76.9,8,7,3.9,1944,OK,2023-07
2023-07-06,Surgery,30,20,65.9,3,4,3.4,2507,OK,2023-07
2023-07-06,Peds,25,14,57.2,2,3,2.4,2265,OK,2023-07
2023-07-07,ICU,20,16,82.2,2,2,6.6,4250,OK,2023-07
2023-07-07,ER,40,32,79.5,4,5,0.2,593,OK,2023-07
2023-07-07,Med-Surg,80,60,75.1,8,7,3.4,1703,OK,2023-07
2023-07-07,Surgery,30,20,66.1,3,3,4.1,2462,OK,2023-07
2023-07-07,Peds,25,14,55.8,3,3,3.0,2006,OK,2023-07
2023-07-08,ICU,20,14,72.3,2,2,6.5,4315,OK,2023-07
2023-07-08,ER,40,28,70.2,5,3,1.0,792,OK,2023-07
2023-07-08,Med-Surg,80,51,63.6,8,8,4.3,1816,OK,2023-07
2023-07-08,Surgery,30,17,58.2,4,3,4.2,2522,OK,2023-07
2023-07-08,Peds,25,13,50.9,3,2,2.7,2084,OK,2023-07
2023-07-09,ICU,20,13,67.4,2,2,7.0,4204,OK,2023-07
2023-07-09,ER,40,27,67.9,4,3,0.7,858,OK,2023-07
2023-07-09,Med-Surg,80,53,66.6,7,7,3.4,1940,OK,2023-07
2023-07-09,Surgery,30,18,59.2,3,3,4.0,2821,OK,2023-07
2023-07-09,Peds,25,12,49.0,2,2,2.5,2120,OK,2023-07
2023-07-10,ICU,20,17,87.4,2,2,6.0,4093,OK,2023-07
2023-07-10,ER,40,32,80.7,3,5,0.2,944,OK,2023-07
2023-07-10,Med-Surg,80,57,70.8,10,9,4.3,1601,OK,2023-07
2023-07-10,Surgery,30,20,66.7,3,3,4.3,2659,OK,2023-07
2023-07-10,Peds,25,14,56.1,2,3,2.9,1636,OK,2023-07
2023-07-11,ICU,20,17,86.6,2,2,5.7,3565,OK,2023-07
2023-07-11,ER,40,32,80.7,5,3,0.0,1351,OK,2023-07
2023-07-11,Med-Surg,80,58,72.9,10,7,3.1,1766,OK,2023-07
2023-07-11,Surgery,30,20,65.7,3,3,3.9,2470,OK,2023-07
2023-07-11,Peds,25,13,54.0,3,2,1.9,2248,OK,2023-07
2023-07-12,ICU,20,17,85.9,2,2,5.8,4147,OK,2023-07
2023-07-12,ER,40,30,76.2,4,4,1.2,716,OK,2023-07
2023-07-12,Med-Surg,80,60,75.3,6,9,3.7,1861,OK,2023-07
2023-07-12,Surgery,30,20,65.7,4,3,4.1,2444,OK,2023-07
2023-07-12,Peds,25,14,55.9,3,2,2.9,2087,OK,2023-07
2023-07-13,ICU,20,17,85.3,2,2,6.7,3990,OK,2023-07
2023-07-13,ER,40,33,82.1,4,4,0.8,418,OK,2023-07
2023-07-13,Med-Surg,80,59,73.8,8,7,4.8,1669,OK,2023-07
2023-07-13,Surgery,30,19,64.6,3,3,3.7,2733,OK,2023-07
2023-07-13,Peds,25,14,57.0,2,2,2.6,2196,OK,2023-07
2023-07-14,ICU,20,16,78.0,3,2,6.3,4436,OK,2023-07
2023-07-14,ER,40,34,85.7,5,5,0.6,772,OK,2023-07
2023-07-14,Med-Surg,80,58,72.5,8,7,3.4,1785,OK,2023-07
2023-07-14,Surgery,30,19,62.9,3,3,3.9,2396,OK,2023-07
2023-07-14,Peds,25,15,61.3,3,2,3.0,1978,OK,2023-07
2023-07-15,ICU,20,14,72.2,2,2,5.9,4394,OK,2023-07
2023-07-15,ER,40,29,72.5,5,3,0.7,926,OK,2023-07
2023-07-15,Med-Surg,80,51,63.8,7,9,4.2,1927,OK,2023-07
2023-07-15,Surgery,30,17,56.9,2,2,3.7,2287,OK,2023-07
2023-07-15,Peds,25,12,49.4,2,2,3.2,2221,OK,2023-07
2023-07-16,ICU,20,15,73.6,2,2,6.0,4329,OK,2023-07
2023-07-16,ER,40,29,72.4,4,3,0.6,635,OK,2023-07
2023-07-16,Med-Surg,80,51,63.8,9,8,4.2,1546,OK,2023-07
2023-07-16,Surgery,30,18,58.7,3,3,4.5,2759,OK,2023-07
2023-07-16,Peds,25,13,51.9,3,2,3.6,2189,OK,2023-07
2023-07-17,ICU,20,17,83.4,2,2,5.6,4171,OK,2023-07
2023-07-17,ER,40,33,82.7,3,5,1.1,708,OK,2023-07
2023-07-17,Med-Surg,80,60,74.8,9,10,4.6,1520,OK,2023-07
2023-07-17,Surgery,30,20,67.4,3,3,3.4,2850,OK,2023-07
2023-07-17,Peds,25,14,57.9,2,2,2.7,2187,OK,2023-07
2023-07-18,ICU,20,17,85.2,3,2,6.7,4265,OK,2023-07
2023-07-18,ER,40,31,76.7,4,5,0.5,901,OK,2023-07
2023-07-18,Med-Surg,80,58,72.9,7,8,4.3,1669,OK,2023-07
2023-07-18,Surgery,30,20,65.8,3,4,3.7,2791,OK,2023-07
2023-07-18,Peds,25,15,58.7,3,2,1.9,1806,OK,2023-07
2023-07-19,ICU,20,16,81.2,3,2,6.4,3756,OK,2023-07
2023-07-19,ER,40,31,77.2,5,4,0.4,913,OK,2023-07
2023-07-19,Med-Surg,80,62,77.2,9,8,4.2,2278,OK,2023-07
2023-07-19,Surgery,30,19,62.1,4,3,4.1,2369,OK,2023-07
2023-07-19,Peds,25,14,56.0,3,4,3.3,1930,OK,2023-07
2023-07-20,ICU,20,17,83.6,2,1,6.0,4347,OK,2023-07
2023-07-20,ER,40,31,77.0,5,4,0.1,772,OK,2023-07
2023-07-20,Med-Surg,80,62,77.1,10,8,4.0,1815,OK,2023-07
2023-07-20,Surgery,30,20,65.2,2,4,3.9,2580,OK,2023-07
2023-07-20,Peds,25,14,56.0,2,2,2.1,2555,OK,2023-07
2023-07-21,ICU,20,16,81.5,2,2,6.8,4203,OK,2023-07
2023-07-21,ER,40,31,77.1,5,4,0.8,943,OK,2023-07
2023-07-21,Med-Surg,80,63,78.9,12,7,4.9,1877,OK,2023-07
2023-07-21,Surgery,30,20,67.2,2,3,3.4,2666,OK,2023-07
2023-07-21,Peds,25,14,57.9,2,3,3.5,2063,OK,2023-07
2023-07-22,ICU,20,15,76.1,2,2,6.1,3957,OK,2023-07
2023-07-22,ER,40,27,68.1,4,4,0.4,715,OK,2023-07
2023-07-22,Med-Surg,80,51,64.2,9,7,3.4,1949,OK,2023-07
2023-07-22,Surgery,30,17,57.9,3,3,3.8,2558,OK,2023-07
2023-07-22,Peds,25,12,47.6,2,2,2.1,2140,OK,2023-07
2023-07-23,ICU,20,15,74.7,2,2,6.4,4496,OK,2023-07
2023-07-23,ER,40,27,68.3,4,4,0.0,991,OK,2023-07
2023-07-23,Med-Surg,80,55,69.3,8,8,4.1,1657,OK,2023-07
2023-07-23,Surgery,30,17,55.1,3,2,4.7,2477,OK,2023-07
2023-07-23,Peds,25,12,48.9,3,2,2.5,2114,OK,2023-07
2023-07-24,ICU,20,17,87.3,2,2,6.2,4280,OK,2023-07
2023-07-24,ER,40,32,80.5,4,4,0.0,816,OK,2023-07
2023-07-24,Med-Surg,80,58,72.5,12,8,3.4,1773,OK,2023-07
2023-07-24,Surgery,30,20,67.3,4,3,3.0,2663,OK,2023-07
2023-07-24,Peds,25,13,53.8,3,2,2.9,2238,OK,2023-07
2023-07-25,ICU,20,17,82.9,2,2,6.3,4220,OK,2023-07
2023-07-25,ER,40,32,81.1,5,4,0.7,484,OK,2023-07
2023-07-25,Med-Surg,80,59,73.7,9,9,3.8,1668,OK,2023-07
2023-07-25,Surgery,30,20,65.1,4,4,3.6,2682,OK,2023-07
2023-07-25,Peds,25,14,56.3,3,2,3.3,2165,OK,2023-07
2023-07-26,ICU,20,18,90.4,2,2,5.9,4026,WARNING,2023-07
2023-07-26,ER,40,32,80.0,5,6,0.4,574,OK,2023-07
2023-07-26,Med-Surg,80,59,74.2,6,8,4.1,1959,OK,2023-07
2023-07-26,Surgery,30,20,68.2,3,3,3.4,2274,OK,2023-07
2023-07-26,Peds,25,14,56.6,2,2,2.4,2210,OK,2023-07
2023-07-27,ICU,20,18,89.2,2,1,6.1,4203,OK,2023-07
2023-07-27,ER,40,32,80.6,4,4,0.7,1008,OK,2023-07
2023-07-27,Med-Surg,80,55,69.3,8,8,3.6,2146,OK,2023-07
2023-07-27,Surgery,30,19,65.0,3,3,3.5,2131,OK,2023-07
2023-07-27,Peds,25,14,55.4,3,2,2.5,2285,OK,2023-07
2023-07-28,ICU,20,17,83.8,2,2,6.6,4676,OK,2023-07
2023-07-28,ER,40,33,82.0,5,4,0.0,812,OK,2023-07
2023-07-28,Med-Surg,80,59,73.8,7,8,4.3,1872,OK,2023-07
2023-07-28,Surgery,30,20,67.2,3,3,3.5,2260,OK,2023-07
2023-07-28,Peds,25,15,59.1,3,2,2.4,2687,OK,2023-07
2023-07-29,ICU,20,14,72.1,2,2,6.5,4392,OK,2023-07
2023-07-29,ER,40,30,74.3,4,3,0.4,862,OK,2023-07
2023-07-29,Med-Surg,80,55,68.8,6,8,4.2,1968,OK,2023-07
2023-07-29,Surgery,30,17,58.1,3,3,4.1,2694,OK,2023-07
2023-07-29,Peds,25,12,49.4,2,2,3.3,2185,OK,2023-07
2023-07-30,ICU,20,14,72.3,2,2,5.5,4036,OK,2023-07
2023-07-30,ER,40,27,68.0,4,3,0.3,1205,OK,2023-07
2023-07-30,Med-Surg,80,54,67.2,7,7,4.3,2038,OK,2023-07
2023-07-30,Surgery,30,17,56.9,3,2,3.1,2645,OK,2023-07
2023-07-30,Peds,25,13,51.3,3,2,3.2,2018,OK,2023-07
2023-07-31,ICU,20,17,86.6,2,2,5.8,4216,OK,2023-07
2023-07-31,ER,40,31,78.5,5,5,0.8,1124,OK,2023-07
2023-07-31,Med-Surg,80,60,74.5,7,10,3.8,1982,OK,2023-07
2023-07-31,Surgery,30,21,69.4,4,2,3.3,2765,OK,2023-07
2023-07-31,Peds,25,14,55.8,3,3,3.2,2156,OK,2023-07
2023-08-01,ICU,20,17,84.1,2,2,6.5,4149,OK,2023-08
2023-08-01,ER,40,33,82.6,4,4,0.1,604,OK,2023-08
2023-08-01,Med-Surg,80,58,73.0,10,7,4.2,1669,OK,2023-08
2023-08-01,Surgery,30,20,65.7,3,3,3.7,2608,OK,2023-08
2023-08-01,Peds,25,14,56.5,2,3,3.0,2140,OK,2023-08
2023-08-02,ICU,20,17,84.6,2,2,6.4,3851,OK,2023-08
2023-08-02,ER,40,31,78.7,4,4,1.1,646,OK,2023-08
2023-08-02,Med-Surg,80,58,72.5,8,7,3.9,1954,OK,2023-08
2023-08-02,Surgery,30,19,64.1,4,2,3.5,2434,OK,2023-08
2023-08-02,Peds,25,15,58.9,3,2,1.9,2107,OK,2023-08
2023-08-03,ICU,20,17,86.2,2,2,6.8,4092,OK,2023-08
2023-08-03,ER,40,33,82.2,3,3,0.4,745,OK,2023-08
2023-08-03,Med-Surg,80,59,73.5,9,8,3.6,1762,OK,2023-08
2023-08-03,Surgery,30,19,63.3,4,3,3.6,2818,OK,2023-08
2023-08-03,Peds,25,14,54.0,2,2,2.9,2186,OK,2023-08
2023-08-04,ICU,20,17,86.5,3,1,6.5,4089,OK,2023-08
2023-08-04,ER,40,31,78.6,4,3,1.3,968,OK,2023-08
2023-08-04,Med-Surg,80,59,73.7,11,6,3.4,1364,OK,2023-08
2023-08-04,Surgery,30,19,64.9,3,3,3.9,2218,OK,2023-08
2023-08-04,Peds,25,14,57.5,3,3,2.0,2162,OK,2023-08
2023-08-05,ICU,20,14,71.8,2,2,6.2,4030,OK,2023-08
2023-08-05,ER,40,28,70.4,3,4,0.4,1024,OK,2023-08
2023-08-05,Med-Surg,80,51,63.7,7,6,4.5,1658,OK,2023-08
2023-08-05,Surgery,30,18,59.4,3,2,3.5,2264,OK,2023-08
2023-08-05,Peds,25,12,49.4,2,3,2.9,2064,OK,2023-08
2023-08-06,ICU,20,15,75.9,2,2,5.8,3845,OK,2023-08
2023-08-06,ER,40,28,69.0,4,4,0.3,938,OK,2023-08
2023-08-06,Med-Surg,80,51,63.6,8,8,4.3,1788,OK,2023-08
2023-08-06,Surgery,30,17,57.2,3,2,3.5,2651,OK,2023-08
2023-08-06,Peds,25,12,49.1,2,3,3.1,1819,OK,2023-08
2023-08-07,ICU,20,17,83.5,2,3,5.6,4395,OK,2023-08
2023-08-07,ER,40,33,83.4,4,4,0.0,759,OK,2023-08
2023-08-07,Med-Surg,80,59,73.5,10,9,3.7,1407,OK,2023-08
2023-08-07,Surgery,30,20,66.2,3,3,3.6,2525,OK,2023-08
2023-08-07,Peds,25,15,58.7,3,2,2.6,2066,OK,2023-08
2023-08-08,ICU,20,18,88.8,2,2,6.0,4420,OK,2023-08
2023-08-08,ER,40,34,84.7,5,4,0.5,323,OK,2023-08
2023-08-08,Med-Surg,80,60,75.2,9,9,3.7,1723,OK,2023-08
2023-08-08,Surgery,30,20,65.4,4,3,4.8,2586,OK,2023-08
2023-08-08,Peds,25,13,54.0,3,2,1.8,2420,OK,2023-08
2023-08-09,ICU,20,17,86.4,2,2,5.5,4103,OK,2023-08
2023-08-09,ER,40,33,82.1,4,3,0.4,772,OK,2023-08
2023-08-09,Med-Surg,80,59,73.9,10,9,4.2,2039,OK,2023-08
2023-08-09,Surgery,30,19,63.2,4,3,3.2,2199,OK,2023-08
2023-08-09,Peds,25,14,54.9,2,3,2.6,1929,OK,2023-08
2023-08-10,ICU,20,17,83.1,3,2,6.1,4178,OK,2023-08
2023-08-10,ER,40,33,83.1,4,5,0.6,768,OK,2023-08
2023-08-10,Med-Surg,80,63,79.1,7,8,3.5,1990,OK,2023-08
2023-08-10,Surgery,30,21,69.6,4,4,3.7,2427,OK,2023-08
2023-08-10,Peds,25,13,53.3,4,3,2.7,2366,OK,2023-08
2023-08-11,ICU,20,16,82.2,2,2,6.5,4187,OK,2023-08
2023-08-11,ER,40,31,76.6,4,5,0.5,955,OK,2023-08
2023-08-11,Med-Surg,80,57,71.3,9,7,4.5,1806,OK,2023-08
2023-08-11,Surgery,30,20,67.6,4,3,3.9,2300,OK,2023-08
2023-08-11,Peds,25,14,56.1,3,2,2.7,1904,OK,2023-08
2023-08-12,ICU,20,14,70.1,2,2,5.5,4203,OK,2023-08
2023-08-12,ER,40,30,74.5,4,4,0.7,1034,OK,2023-08
2023-08-12,Med-Surg,80,51,63.4,7,4,4.7,2108,OK,2023-08
2023-08-12,Surgery,30,17,57.3,3,2,4.0,2725,OK,2023-08
2023-08-12,Peds,25,12,46.8,3,2,3.0,2192,OK,2023-08
2023-08-13,ICU,20,15,74.1,2,2,6.7,4284,OK,2023-08
2023-08-13,ER,40,28,70.9,3,3,0.9,808,OK,2023-08
2023-08-13,Med-Surg,80,53,66.0,10,8,4.1,1698,OK,2023-08
2023-08-13,Surgery,30,16,53.8,3,3,4.0,2469,OK,2023-08
2023-08-13,Peds,25,12,48.9,2,2,3.1,2443,OK,2023-08
2023-08-14,ICU,20,17,84.4,2,2,5.8,4273,OK,2023-08
2023-08-14,ER,40,31,78.3,5,4,0.6,643,OK,2023-08
2023-08-14,Med-Surg,80,60,75.2,12,7,3.9,1846,OK,2023-08
2023-08-14,Surgery,30,20,67.8,3,2,4.5,2652,OK,2023-08
2023-08-14,Peds,25,13,53.2,3,3,3.6,2288,OK,2023-08
2023-08-15,ICU,20,17,84.2,2,2,6.8,4025,OK,2023-08
2023-08-15,ER,40,31,78.1,5,4,1.2,666,OK,2023-08
2023-08-15,Med-Surg,80,59,73.5,8,8,3.4,1702,OK,2023-08
2023-08-15,Surgery,30,19,63.4,4,3,2.9,2767,OK,2023-08
2023-08-15,Peds,25,15,60.3,3,2,4.3,1836,OK,2023-08
2023-08-16,ICU,20,17,84.7,2,2,6.4,4100,OK,2023-08
2023-08-16,ER,40,31,77.8,4,3,0.5,687,OK,2023-08
2023-08-16,Med-Surg,80,56,70.3,10,7,3.5,1766,OK,2023-08
2023-08-16,Surgery,30,20,66.4,2,3,3.3,2842,OK,2023-08
2023-08-16,Peds,25,14,57.0,3,2,2.8,2223,OK,2023-08
2023-08-17,ICU,20,17,84.6,2,2,5.9,4131,OK,2023-08
2023-08-17,ER,40,30,75.0,5,4,0.1,1180,OK,2023-08
2023-08-17,Med-Surg,80,59,73.8,7,9,4.3,1879,OK,2023-08
2023-08-17,Surgery,30,20,65.4,4,3,4.1,2119,OK,2023-08
2023-08-17,Peds,25,14,55.4,3,2,2.6,2010,OK,2023-08
2023-08-18,ICU,20,16,81.6,1,2,6.3,4189,OK,2023-08
2023-08-18,ER,40,32,79.7,4,5,0.4,685,OK,2023-08
2023-08-18,Med-Surg,80,58,73.0,10,10,3.8,1820,OK,2023-08
2023-08-18,Surgery,30,20,66.9,3,3,3.1,2146,OK,2023-08
2023-08-18,Peds,25,14,56.7,3,3,2.9,1905,OK,2023-08
2023-08-19,ICU,20,15,74.4,2,2,5.5,4161,OK,2023-08
2023-08-19,ER,40,27,68.2,4,3,0.2,971,OK,2023-08
2023-08-19,Med-Surg,80,52,64.8,8,6,3.4,1821,OK,2023-08
2023-08-19,Surgery,30,17,57.7,3,3,3.9,2175,OK,2023-08
2023-08-19,Peds,25,13,52.2,2,2,2.5,2162,OK,2023-08
2023-08-20,ICU,20,14,71.6,2,2,6.2,4340,OK,2023-08
2023-08-20,ER,40,27,67.8,3,4,1.5,772,OK,2023-08
2023-08-20,Med-Surg,80,53,65.9,8,9,3.2,1819,OK,2023-08
2023-08-20,Surgery,30,17,55.4,2,3,3.9,2443,OK,2023-08
2023-08-20,Peds,25,12,49.2,4,2,3.2,1970,OK,2023-08
2023-08-21,ICU,20,17,85.4,2,2,7.1,4435,OK,2023-08
2023-08-21,ER,40,32,80.4,3,4,1.9,754,OK,2023-08
2023-08-21,Med-Surg,80,61,76.0,11,8,3.7,1313,OK,2023-08
2023-08-21,Surgery,30,20,67.6,3,3,3.2,2447,OK,2023-08
2023-08-21,Peds,25,14,56.2,3,2,3.5,1981,OK,2023-08
2023-08-22,ICU,20,16,80.4,2,2,6.3,4472,OK,2023-08
2023-08-22,ER,40,32,79.5,4,3,0.9,837,OK,2023-08
2023-08-22,Med-Surg,80,58,72.7,6,10,3.5,1682,OK,2023-08
2023-08-22,Surgery,30,20,67.0,3,2,2.7,2644,OK,2023-08
2023-08-22,Peds,25,14,55.2,4,2,2.4,1987,OK,2023-08
2023-08-23,ICU,20,17,85.3,2,2,5.7,3924,OK,2023-08
2023-08-23,ER,40,30,75.7,3,4,0.3,674,OK,2023-08
2023-08-23,Med-Surg,80,61,76.3,10,8,3.2,1687,OK,2023-08
2023-08-23,Surgery,30,20,65.0,3,3,3.5,2423,OK,2023-08
2023-08-23,Peds,25,14,55.1,3,3,2.4,2354,OK,2023-08
2023-08-24,ICU,20,16,82.2,2,2,5.8,4264,OK,2023-08
2023-08-24,ER,40,30,74.3,5,4,0.3,504,OK,2023-08
2023-08-24,Med-Surg,80,62,77.3,8,7,3.0,1730,OK,2023-08
2023-08-24,Surgery,30,20,65.8,4,2,3.0,2590,OK,2023-08
2023-08-24,Peds,25,14,57.8,2,3,2.9,2318,OK,2023-08
2023-08-25,ICU,20,17,84.5,1,2,6.7,4021,OK,2023-08
2023-08-25,ER,40,32,79.1,4,2,1.3,620,OK,2023-08
2023-08-25,Med-Surg,80,60,74.7,9,10,4.3,1753,OK,2023-08
2023-08-25,Surgery,30,19,64.5,4,2,4.1,2280,OK,2023-08
2023-08-25,Peds,25,15,58.2,3,3,2.9,1750,OK,2023-08
2023-08-26,ICU,20,15,72.6,2,2,6.8,4281,OK,2023-08
2023-08-26,ER,40,27,68.4,3,4,0.7,1135,OK,2023-08
2023-08-26,Med-Surg,80,53,65.6,9,5,4.7,2246,OK,2023-08
2023-08-26,Surgery,30,17,56.0,3,3,3.0,2599,OK,2023-08
2023-08-26,Peds,25,13,50.6,2,3,2.1,1801,OK,2023-08
2023-08-27,ICU,20,15,74.8,2,2,6.6,4306,OK,2023-08
2023-08-27,ER,40,29,72.2,4,4,0.3,1211,OK,2023-08
2023-08-27,Med-Surg,80,51,63.2,10,7,3.4,2074,OK,2023-08
2023-08-27,Surgery,30,18,58.5,3,3,4.0,2382,OK,2023-08
2023-08-27,Peds,25,13,50.8,2,2,1.8,2189,OK,2023-08
2023-08-28,ICU,20,17,83.0,3,2,6.3,4297,OK,2023-08
2023-08-28,ER,40,31,77.6,5,5,0.7,1118,OK,2023-08
2023-08-28,Med-Surg,80,58,72.3,8,8,4.3,1721,OK,2023-08
2023-08-28,Surgery,30,20,67.3,3,3,4.1,2673,OK,2023-08
2023-08-28,Peds,25,14,56.4,3,2,3.1,1866,OK,2023-08
2023-08-29,ICU,20,16,81.8,2,2,5.9,4157,OK,2023-08
2023-08-29,ER,40,33,82.1,4,3,1.1,633,OK,2023-08
2023-08-29,Med-Surg,80,59,73.5,9,8,4.6,1896,OK,2023-08
2023-08-29,Surgery,30,19,64.5,4,3,3.7,2693,OK,2023-08
2023-08-29,Peds,25,14,56.5,3,3,2.8,2036,OK,2023-08
2023-08-30,ICU,20,17,84.9,3,2,5.2,4083,OK,2023-08
2023-08-30,ER,40,30,76.1,4,4,0.1,515,OK,2023-08
2023-08-30,Med-Surg,80,59,73.8,10,6,4.5,1963,OK,2023-08
2023-08-30,Surgery,30,20,68.1,4,4,3.6,2522,OK,2023-08
2023-08-30,Peds,25,14,55.4,3,3,2.2,1928,OK,2023-08
2023-08-31,ICU,20,18,88.1,3,2,6.6,4268,OK,2023-08
2023-08-31,ER,40,33,83.6,4,5,1.8,920,OK,2023-08
2023-08-31,Med-Surg,80,59,73.7,10,8,5.3,1836,OK,2023-08
2023-08-31,Surgery,30,20,65.7,3,4,4.2,2401,OK,2023-08
2023-08-31,Peds,25,14,57.1,2,3,3.1,2441,OK,2023-08
2023-09-01,ICU,20,18,89.9,2,2,5.5,4467,OK,2023-09
2023-09-01,ER,40,36,91.0,5,5,0.6,781,WARNING,2023-09
2023-09-01,Med-Surg,80,63,79.2,9,7,4.2,1792,OK,2023-09
2023-09-01,Surgery,30,22,73.6,4,3,3.4,2514,OK,2023-09
2023-09-01,Peds,25,16,62.4,2,3,3.0,1956,OK,2023-09
2023-09-02,ICU,20,16,79.5,2,2,6.4,4021,OK,2023-09
2023-09-02,ER,40,32,79.0,6,3,0.8,655,OK,2023-09
2023-09-02,Med-Surg,80,58,72.6,7,8,3.7,1759,OK,2023-09
2023-09-02,Surgery,30,18,61.4,4,3,4.1,2431,OK,2023-09
2023-09-02,Peds,25,13,53.5,3,2,3.0,2406,OK,2023-09
2023-09-03,ICU,20,16,79.1,2,2,5.8,3909,OK,2023-09
2023-09-03,ER,40,31,77.3,4,5,0.5,640,OK,2023-09
2023-09-03,Med-Surg,80,54,68.0,10,7,4.1,1991,OK,2023-09
2023-09-03,Surgery,30,19,62.4,3,3,4.1,2618,OK,2023-09
2023-09-03,Peds,25,13,53.3,3,2,2.2,2152,OK,2023-09
2023-09-04,ICU,20,19,97.2,2,2,5.8,4345,CRITICAL,2023-09
2023-09-04,ER,40,35,88.2,5,4,0.5,487,OK,2023-09
2023-09-04,Med-Surg,80,64,80.3,11,7,3.3,2116,OK,2023-09
2023-09-04,Surgery,30,21,70.7,4,3,3.7,2588,OK,2023-09
2023-09-04,Peds,25,15,59.4,3,3,2.2,2167,OK,2023-09
2023-09-05,ICU,20,18,91.3,2,2,7.0,4375,WARNING,2023-09
2023-09-05,ER,40,36,89.5,5,3,1.5,788,OK,2023-09
2023-09-05,Med-Surg,80,63,78.2,10,10,4.1,2056,OK,2023-09
2023-09-05,Surgery,30,22,74.3,3,3,4.3,1957,OK,2023-09
2023-09-05,Peds,25,15,60.7,2,3,2.8,2028,OK,2023-09
2023-09-06,ICU,20,18,90.5,2,3,7.1,3968,WARNING,2023-09
2023-09-06,ER,40,36,91.1,5,4,0.5,668,WARNING,2023-09
2023-09-06,Med-Surg,80,66,82.4,10,8,3.4,1621,OK,2023-09
2023-09-06,Surgery,30,21,68.5,4,3,3.7,2774,OK,2023-09
2023-09-06,Peds,25,16,63.2,3,3,3.8,2204,OK,2023-09
2023-09-07,ICU,20,18,91.1,2,2,6.6,4074,WARNING,2023-09
2023-09-07,ER,40,35,87.8,5,4,0.7,756,OK,2023-09
2023-09-07,Med-Surg,80,66,82.3,9,9,3.7,1872,OK,2023-09
2023-09-07,Surgery,30,21,71.5,3,4,4.3,2379,OK,2023-09
2023-09-07,Peds,25,15,61.9,3,3,2.1,2301,OK,2023-09
2023-09-08,ICU,20,18,90.4,2,3,6.4,4123,WARNING,2023-09
2023-09-08,ER,40,32,81.2,6,4,0.0,734,OK,2023-09
2023-09-08,Med-Surg,80,67,83.4,11,9,4.3,1680,OK,2023-09
2023-09-08,Surgery,30,22,72.3,4,4,4.3,2599,OK,2023-09
2023-09-08,Peds,25,15,60.3,3,3,2.4,2019,OK,2023-09
2023-09-09,ICU,20,16,81.2,2,2,5.6,4211,OK,2023-09
2023-09-09,ER,40,31,76.8,4,4,1.0,681,OK,2023-09
2023-09-09,Med-Surg,80,55,69.1,7,9,4.8,1737,OK,2023-09
2023-09-09,Surgery,30,19,62.9,4,3,4.0,2262,OK,2023-09
2023-09-09,Peds,25,14,54.8,2,2,2.7,1983,OK,2023-09
2023-09-10,ICU,20,16,80.4,2,2,6.8,3811,OK,2023-09
2023-09-10,ER,40,32,78.8,4,4,0.5,806,OK,2023-09
2023-09-10,Med-Surg,80,56,70.0,10,6,4.4,2020,OK,2023-09
2023-09-10,Surgery,30,19,64.7,4,3,4.3,2479,OK,2023-09
2023-09-10,Peds,25,14,55.7,3,2,3.6,2002,OK,2023-09
2023-09-11,ICU,20,18,88.1,2,2,6.9,4222,OK,2023-09
2023-09-11,ER,40,36,90.4,4,4,0.4,777,WARNING,2023-09
2023-09-11,Med-Surg,80,64,80.2,11,8,4.2,1791,OK,2023-09
2023-09-11,Surgery,30,21,70.0,4,3,3.7,2506,OK,2023-09
2023-09-11,Peds,25,15,61.1,3,3,2.3,1956,OK,2023-09
2023-09-12,ICU,20,20,99.7,2,2,6.6,3785,CRITICAL,2023-09
2023-09-12,ER,40,35,86.4,6,3,0.5,500,OK,2023-09
2023-09-12,Med-Surg,80,66,82.2,11,8,4.4,2078,OK,2023-09
2023-09-12,Surgery,30,23,75.9,3,2,3.4,2415,OK,2023-09
2023-09-12,Peds,25,15,60.5,3,3,3.5,2066,OK,2023-09
2023-09-13,ICU,20,19,95.0,3,2,6.7,4214,CRITICAL,2023-09
2023-09-13,ER,40,37,92.4,4,4,0.4,888,WARNING,2023-09
2023-09-13,Med-Surg,80,66,83.0,10,7,4.5,1951,OK,2023-09
2023-09-13,Surgery,30,20,67.8,4,3,3.5,2319,OK,2023-09
2023-09-13,Peds,25,16,62.5,3,2,3.3,1813,OK,2023-09
2023-09-14,ICU,20,19,92.9,2,2,6.5,4304,WARNING,2023-09
2023-09-14,ER,40,36,90.5,5,5,0.3,836,WARNING,2023-09
2023-09-14,Med-Surg,80,65,81.1,9,6,4.3,1873,OK,2023-09
2023-09-14,Surgery,30,21,70.5,3,4,4.0,2454,OK,2023-09
2023-09-14,Peds,25,15,58.9,3,3,3.0,1990,OK,2023-09
2023-09-15,ICU,20,19,93.4,2,3,6.9,4107,WARNING,2023-09
2023-09-15,ER,40,34,85.4,3,3,0.2,827,OK,2023-09
2023-09-15,Med-Surg,80,63,79.2,8,8,4.4,1906,OK,2023-09
2023-09-15,Surgery,30,20,67.9,4,3,4.3,2657,OK,2023-09
2023-09-15,Peds,25,15,59.4,3,3,1.8,2167,OK,2023-09
2023-09-16,ICU,20,16,80.3,2,2,5.9,3899,OK,2023-09
2023-09-16,ER,40,30,74.3,3,4,0.2,825,OK,2023-09
2023-09-16,Med-Surg,80,56,69.6,7,8,4.4,1558,OK,2023-09
2023-09-16,Surgery,30,19,64.9,3,3,4.1,2367,OK,2023-09
2023-09-16,Peds,25,13,53.7,3,2,1.7,1734,OK,2023-09
2023-09-17,ICU,20,16,82.5,2,2,6.1,4259,OK,2023-09
2023-09-17,ER,40,31,78.2,3,3,0.3,941,OK,2023-09
2023-09-17,Med-Surg,80,61,75.7,8,6,4.3,2064,OK,2023-09
2023-09-17,Surgery,30,19,63.6,3,3,4.1,2295,OK,2023-09
2023-09-17,Peds,25,14,54.3,3,3,2.9,2028,OK,2023-09
2023-09-18,ICU,20,19,95.4,2,2,5.5,4413,CRITICAL,2023-09
2023-09-18,ER,40,35,86.3,6,5,0.1,1085,OK,2023-09
2023-09-18,Med-Surg,80,67,83.7,11,8,3.9,1829,OK,2023-09
2023-09-18,Surgery,30,21,70.5,5,3,2.4,2568,OK,2023-09
2023-09-18,Peds,25,15,60.4,3,3,3.3,2324,OK,2023-09
2023-09-19,ICU,20,19,92.8,2,2,6.2,4040,WARNING,2023-09
2023-09-19,ER,40,35,88.5,5,5,1.1,663,OK,2023-09
2023-09-19,Med-Surg,80,66,82.0,8,10,3.8,1595,OK,2023-09
2023-09-19,Surgery,30,22,72.6,2,2,3.7,2516,OK,2023-09
2023-09-19,Peds,25,15,60.3,2,2,3.1,2216,OK,2023-09
2023-09-20,ICU,20,18,92.0,3,2,5.8,4144,WARNING,2023-09
2023-09-20,ER,40,33,83.3,5,5,0.8,1080,OK,2023-09
2023-09-20,Med-Surg,80,63,79.3,12,9,4.8,1796,OK,2023-09
2023-09-20,Surgery,30,22,73.5,4,3,3.9,2758,OK,2023-09
2023-09-20,Peds,25,15,60.8,2,4,2.7,2132,OK,2023-09
2023-09-21,ICU,20,19,95.2,2,2,6.3,3841,CRITICAL,2023-09
2023-09-21,ER,40,34,86.2,5,4,0.3,1119,OK,2023-09
2023-09-21,Med-Surg,80,64,80.2,12,8,3.7,1854,OK,2023-09
2023-09-21,Surgery,30,21,71.5,3,4,3.5,2132,OK,2023-09
2023-09-21,Peds,25,16,63.4,3,2,2.0,2448,OK,2023-09
2023-09-22,ICU,20,18,88.4,2,3,6.4,4188,OK,2023-09
2023-09-22,ER,40,33,82.6,4,5,0.1,841,OK,2023-09
2023-09-22,Med-Surg,80,65,81.6,11,7,5.2,1953,OK,2023-09
2023-09-22,Surgery,30,22,72.0,4,4,3.1,2455,OK,2023-09
2023-09-22,Peds,25,14,56.6,3,3,2.9,1969,OK,2023-09
2023-09-23,ICU,20,15,76.0,2,2,5.9,4288,OK,2023-09
2023-09-23,ER,40,29,73.0,5,4,0.1,648,OK,2023-09
2023-09-23,Med-Surg,80,56,69.6,9,6,3.9,1792,OK,2023-09
2023-09-23,Surgery,30,18,61.3,4,3,3.5,2304,OK,2023-09
2023-09-23,Peds,25,14,56.6,3,2,3.5,2140,OK,2023-09
2023-09-24,ICU,20,16,81.6,2,2,6.4,4091,OK,2023-09
2023-09-24,ER,40,32,80.7,3,5,0.4,860,OK,2023-09
2023-09-24,Med-Surg,80,58,72.2,8,9,2.7,1656,OK,2023-09
2023-09-24,Surgery,30,18,61.6,3,3,4.0,2641,OK,2023-09
2023-09-24,Peds,25,14,54.1,2,3,3.0,2287,OK,2023-09
2023-09-25,ICU,20,19,94.1,2,2,5.9,4090,WARNING,2023-09
2023-09-25,ER,40,34,86.2,5,5,0.5,803,OK,2023-09
2023-09-25,Med-Surg,80,64,80.3,9,8,3.2,1661,OK,2023-09
2023-09-25,Surgery,30,22,73.0,3,3,4.0,2604,OK,2023-09
2023-09-25,Peds,25,15,59.0,3,3,2.3,1935,OK,2023-09
2023-09-26,ICU,20,19,95.3,2,1,5.5,4150,CRITICAL,2023-09
2023-09-26,ER,40,34,84.0,5,4,1.2,742,OK,2023-09
2023-09-26,Med-Surg,80,66,82.6,12,11,4.2,1407,OK,2023-09
2023-09-26,Surgery,30,22,73.0,4,3,4.7,2672,OK,2023-09
2023-09-26,Peds,25,16,62.0,3,3,1.7,2000,OK,2023-09
2023-09-27,ICU,20,19,95.3,2,2,5.7,4557,CRITICAL,2023-09
2023-09-27,ER,40,37,91.4,4,4,0.2,923,WARNING,2023-09
2023-09-27,Med-Surg,80,65,81.2,11,9,5.6,1594,OK,2023-09
2023-09-27,Surgery,30,20,68.3,3,3,3.1,2300,OK,2023-09
2023-09-27,Peds,25,15,59.3,3,3,2.6,2064,OK,2023-09
2023-09-28,ICU,20,19,94.5,2,2,6.4,3812,WARNING,2023-09
2023-09-28,ER,40,32,80.8,5,5,1.5,832,OK,2023-09
2023-09-28,Med-Surg,80,66,82.0,9,9,4.9,1375,OK,2023-09
2023-09-28,Surgery,30,22,72.9,5,3,4.6,2374,OK,2023-09
2023-09-28,Peds,25,15,60.9,3,2,2.3,1881,OK,2023-09
2023-09-29,ICU,20,19,94.3,3,2,6.6,4167,WARNING,2023-09
2023-09-29,ER,40,36,90.1,5,4,0.4,937,WARNING,2023-09
2023-09-29,Med-Surg,80,63,79.0,11,7,3.6,1937,OK,2023-09
2023-09-29,Surgery,30,22,71.8,3,4,3.5,2460,OK,2023-09
2023-09-29,Peds,25,16,63.6,4,3,2.8,2346,OK,2023-09
2023-09-30,ICU,20,16,78.7,2,1,7.0,4027,OK,2023-09
2023-09-30,ER,40,31,76.3,4,4,0.3,539,OK,2023-09
2023-09-30,Med-Surg,80,57,71.3,7,7,3.0,1515,OK,2023-09
2023-09-30,Surgery,30,19,63.7,2,2,3.8,2391,OK,2023-09
2023-09-30,Peds,25,14,56.9,3,2,3.2,2250,OK,2023-09
2023-10-01,ICU,20,16,79.5,2,2,6.1,4113,OK,2023-10
2023-10-01,ER,40,31,77.6,4,3,0.6,877,OK,2023-10
2023-10-01,Med-Surg,80,54,67.9,10,6,3.8,1748,OK,2023-10
2023-10-01,Surgery,30,19,62.2,3,4,3.4,2988,OK,2023-10
2023-10-01,Peds,25,14,54.4,3,3,4.2,1901,OK,2023-10
2023-10-02,ICU,20,18,88.9,2,2,5.3,4204,OK,2023-10
2023-10-02,ER,40,37,91.4,5,4,0.2,980,WARNING,2023-10
2023-10-02,Med-Surg,80,62,78.0,12,11,4.2,1798,OK,2023-10
2023-10-02,Surgery,30,22,74.2,4,3,3.5,2236,OK,2023-10
2023-10-02,Peds,25,15,61.7,3,2,2.7,1831,OK,2023-10
2023-10-03,ICU,20,18,89.5,3,2,6.0,3875,OK,2023-10
2023-10-03,ER,40,35,87.5,5,4,0.4,836,OK,2023-10
2023-10-03,Med-Surg,80,62,78.0,7,11,3.8,1781,OK,2023-10
2023-10-03,Surgery,30,22,74.2,6,3,4.0,2358,OK,2023-10
2023-10-03,Peds,25,15,60.0,3,2,2.9,1805,OK,2023-10
2023-10-04,ICU,20,19,94.6,2,2,6.0,4127,WARNING,2023-10
2023-10-04,ER,40,35,87.8,4,4,0.1,622,OK,2023-10
2023-10-04,Med-Surg,80,60,74.9,12,8,4.7,2014,OK,2023-10
2023-10-04,Surgery,30,21,69.2,3,5,4.7,2494,OK,2023-10
2023-10-04,Peds,25,15,61.5,3,3,2.5,1694,OK,2023-10
2023-10-05,ICU,20,18,88.4,2,2,6.2,3985,OK,2023-10
2023-10-05,ER,40,34,85.0,5,5,0.5,976,OK,2023-10
2023-10-05,Med-Surg,80,65,81.2,12,8,3.9,1540,OK,2023-10
2023-10-05,Surgery,30,21,71.1,4,4,4.3,2141,OK,2023-10
2023-10-05,Peds,25,16,63.0,2,3,2.7,2241,OK,2023-10
2023-10-06,ICU,20,18,88.3,3,2,5.9,4000,OK,2023-10
2023-10-06,ER,40,33,82.4,5,6,1.8,819,OK,2023-10
2023-10-06,Med-Surg,80,66,82.7,10,9,3.9,1839,OK,2023-10
2023-10-06,Surgery,30,22,73.2,3,3,3.8,2665,OK,2023-10
2023-10-06,Peds,25,15,59.0,3,4,3.5,2370,OK,2023-10
2023-10-07,ICU,20,16,81.0,2,2,7.0,3810,OK,2023-10
2023-10-07,ER,40,29,73.5,5,4,0.2,549,OK,2023-10
2023-10-07,Med-Surg,80,55,69.2,7,10,4.1,1788,OK,2023-10
2023-10-07,Surgery,30,19,64.5,4,3,4.3,2374,OK,2023-10
2023-10-07,Peds,25,13,53.2,3,2,2.9,2180,OK,2023-10
2023-10-08,ICU,20,17,82.9,2,2,6.1,4341,OK,2023-10
2023-10-08,ER,40,31,78.3,5,5,1.2,1089,OK,2023-10
2023-10-08,Med-Surg,80,57,71.0,8,9,4.5,1738,OK,2023-10
2023-10-08,Surgery,30,19,64.1,3,3,4.4,2511,OK,2023-10
2023-10-08,Peds,25,14,57.0,2,2,2.9,2327,OK,2023-10
2023-10-09,ICU,20,19,93.1,3,2,5.6,4265,WARNING,2023-10
2023-10-09,ER,40,33,83.4,4,5,0.0,1121,OK,2023-10
2023-10-09,Med-Surg,80,66,82.9,7,8,3.0,1643,OK,2023-10
2023-10-09,Surgery,30,22,73.7,3,4,3.0,2660,OK,2023-10
2023-10-09,Peds,25,15,60.0,3,3,2.3,1869,OK,2023-10
2023-10-10,ICU,20,19,94.7,3,3,6.4,4229,WARNING,2023-10
2023-10-10,ER,40,33,82.5,5,4,1.5,937,OK,2023-10
2023-10-10,Med-Surg,80,67,83.7,10,8,4.2,1847,OK,2023-10
2023-10-10,Surgery,30,21,70.0,3,3,4.6,2084,OK,2023-10
2023-10-10,Peds,25,16,63.2,3,2,3.5,2246,OK,2023-10
2023-10-11,ICU,20,19,95.5,3,3,6.5,4169,CRITICAL,2023-10
2023-10-11,ER,40,35,87.9,6,4,0.2,738,OK,2023-10
2023-10-11,Med-Surg,80,60,74.9,10,6,4.1,1973,OK,2023-10
2023-10-11,Surgery,30,21,71.0,5,3,4.4,2635,OK,2023-10
2023-10-11,Peds,25,14,57.9,4,3,2.5,1819,OK,2023-10
2023-10-12,ICU,20,18,91.4,2,2,6.1,4327,WARNING,2023-10
2023-10-12,ER,40,34,86.0,3,4,0.7,871,OK,2023-10
2023-10-12,Med-Surg,80,62,77.6,10,11,3.6,2012,OK,2023-10
2023-10-12,Surgery,30,21,71.1,5,3,3.4,2637,OK,2023-10
2023-10-12,Peds,25,15,60.2,3,3,2.9,2368,OK,2023-10
2023-10-13,ICU,20,17,86.7,2,2,6.3,4462,OK,2023-10
2023-10-13,ER,40,35,86.8,5,5,0.5,722,OK,2023-10
2023-10-13,Med-Surg,80,65,81.2,9,8,3.8,2071,OK,2023-10
2023-10-13,Surgery,30,20,65.0,4,3,3.0,2562,OK,2023-10
2023-10-13,Peds,25,15,61.9,3,2,3.6,1952,OK,2023-10
2023-10-14,ICU,20,17,82.6,2,2,6.5,4123,OK,2023-10
2023-10-14,ER,40,29,71.8,5,3,0.1,719,OK,2023-10
2023-10-14,Med-Surg,80,57,71.0,8,8,3.4,1652,OK,2023-10
2023-10-14,Surgery,30,19,63.1,4,3,4.3,2508,OK,2023-10
2023-10-14,Peds,25,13,52.9,3,2,3.2,2375,OK,2023-10
2023-10-15,ICU,20,16,81.8,2,2,6.0,4055,OK,2023-10
2023-10-15,ER,40,31,77.3,4,4,0.0,809,OK,2023-10
2023-10-15,Med-Surg,80,57,71.9,6,10,4.0,1395,OK,2023-10
2023-10-15,Surgery,30,19,63.7,3,3,4.3,2649,OK,2023-10
2023-10-15,Peds,25,14,54.2,3,2,3.8,1804,OK,2023-10
2023-10-16,ICU,20,18,92.4,2,2,5.8,3851,WARNING,2023-10
2023-10-16,ER,40,35,87.4,5,5,0.1,1031,OK,2023-10
2023-10-16,Med-Surg,80,69,85.7,9,7,3.9,1803,OK,2023-10
2023-10-16,Surgery,30,22,73.2,3,4,3.2,2152,OK,2023-10
2023-10-16,Peds,25,16,63.0,2,3,4.5,2098,OK,2023-10
2023-10-17,ICU,20,18,88.9,2,2,6.3,4332,OK,2023-10
2023-10-17,ER,40,34,84.3,6,5,0.9,674,OK,2023-10
2023-10-17,Med-Surg,80,66,83.1,9,9,3.6,1601,OK,2023-10
2023-10-17,Surgery,30,22,73.5,3,3,3.5,2640,OK,2023-10
2023-10-17,Peds,25,15,59.8,3,3,1.9,1806,OK,2023-10
2023-10-18,ICU,20,19,92.9,2,3,6.7,4344,WARNING,2023-10
2023-10-18,ER,40,37,91.7,5,5,0.2,1290,WARNING,2023-10
2023-10-18,Med-Surg,80,68,84.8,10,9,4.8,1771,OK,2023-10
2023-10-18,Surgery,30,21,70.6,4,3,3.9,2333,OK,2023-10
2023-10-18,Peds,25,14,57.9,3,3,2.8,2387,OK,2023-10
2023-10-19,ICU,20,18,90.1,2,2,6.2,4354,WARNING,2023-10
2023-10-19,ER,40,34,85.0,6,6,0.5,1050,OK,2023-10
2023-10-19,Med-Surg,80,62,77.5,11,10,4.5,1797,OK,2023-10
2023-10-19,Surgery,30,20,65.6,3,3,3.3,2524,OK,2023-10
2023-10-19,Peds,25,15,60.2,3,2,2.5,2324,OK,2023-10
2023-10-20,ICU,20,18,90.2,2,2,6.4,4291,WARNING,2023-10
2023-10-20,ER,40,32,79.1,6,5,0.0,606,OK,2023-10
2023-10-20,Med-Surg,80,63,78.9,9,9,3.1,1576,OK,2023-10
2023-10-20,Surgery,30,23,75.3,3,4,4.0,2138,OK,2023-10
2023-10-20,Peds,25,16,62.2,3,3,3.0,2195,OK,2023-10
2023-10-21,ICU,20,17,82.7,2,2,5.5,4105,OK,2023-10
2023-10-21,ER,40,33,83.3,5,5,1.2,848,OK,2023-10
2023-10-21,Med-Surg,80,57,71.0,8,6,4.1,2042,OK,2023-10
2023-10-21,Surgery,30,19,62.2,3,3,3.3,2410,OK,2023-10
2023-10-21,Peds,25,13,52.0,2,2,2.4,2384,OK,2023-10
2023-10-22,ICU,20,16,78.7,2,2,6.8,4462,OK,2023-10
2023-10-22,ER,40,31,78.5,4,4,0.1,1189,OK,2023-10
2023-10-22,Med-Surg,80,55,68.8,9,9,3.8,2008,OK,2023-10
2023-10-22,Surgery,30,19,64.8,4,3,3.2,2399,OK,2023-10
2023-10-22,Peds,25,14,54.0,3,2,1.9,2194,OK,2023-10
2023-10-23,ICU,20,19,97.4,3,2,6.5,4279,CRITICAL,2023-10
2023-10-23,ER,40,36,89.4,5,4,0.1,750,OK,2023-10
2023-10-23,Med-Surg,80,65,80.8,9,9,4.3,1967,OK,2023-10
2023-10-23,Surgery,30,22,74.8,4,3,3.6,2509,OK,2023-10
2023-10-23,Peds,25,14,57.6,4,3,3.1,2373,OK,2023-10
2023-10-24,ICU,20,18,90.3,3,2,6.1,4046,WARNING,2023-10
2023-10-24,ER,40,37,91.3,5,5,0.4,1036,WARNING,2023-10
2023-10-24,Med-Surg,80,66,82.5,10,9,4.3,2258,OK,2023-10
2023-10-24,Surgery,30,20,68.2,4,3,3.8,2450,OK,2023-10
2023-10-24,Peds,25,15,60.2,3,2,3.4,1741,OK,2023-10
2023-10-25,ICU,20,19,93.5,2,2,6.3,3889,WARNING,2023-10
2023-10-25,ER,40,35,87.1,4,5,0.0,710,OK,2023-10
2023-10-25,Med-Surg,80,65,80.7,8,9,3.3,1926,OK,2023-10
2023-10-25,Surgery,30,23,75.8,5,3,4.2,2144,OK,2023-10
2023-10-25,Peds,25,16,63.8,3,3,3.5,2049,OK,2023-10
2023-10-26,ICU,20,18,90.7,3,2,6.7,3989,WARNING,2023-10
2023-10-26,ER,40,34,84.3,4,5,0.2,530,OK,2023-10
2023-10-26,Med-Surg,80,63,78.5,10,7,3.5,2222,OK,2023-10
2023-10-26,Surgery,30,21,70.1,3,3,3.6,2624,OK,2023-10
2023-10-26,Peds,25,16,62.7,3,2,3.5,2081,OK,2023-10
2023-10-27,ICU,20,19,96.8,2,2,7.2,4129,CRITICAL,2023-10
2023-10-27,ER,40,35,86.4,5,4,0.3,732,OK,2023-10
2023-10-27,Med-Surg,80,63,78.5,11,9,4.2,1962,OK,2023-10
2023-10-27,Surgery,30,21,71.4,3,3,3.8,2288,OK,2023-10
2023-10-27,Peds,25,15,60.1,3,4,1.5,2064,OK,2023-10
2023-10-28,ICU,20,17,85.2,2,2,6.2,4067,OK,2023-10
2023-10-28,ER,40,29,71.4,4,3,0.1,700,OK,2023-10
2023-10-28,Med-Surg,80,59,74.1,11,8,3.9,1565,OK,2023-10
2023-10-28,Surgery,30,19,64.3,4,3,2.6,2634,OK,2023-10
2023-10-28,Peds,25,14,55.3,2,2,3.1,2085,OK,2023-10
2023-10-29,ICU,20,16,79.0,2,2,5.5,3790,OK,2023-10
2023-10-29,ER,40,32,79.5,5,4,0.3,694,OK,2023-10
2023-10-29,Med-Surg,80,55,68.1,8,5,3.7,1738,OK,2023-10
2023-10-29,Surgery,30,19,64.5,3,3,4.5,2712,OK,2023-10
2023-10-29,Peds,25,14,54.4,3,2,3.3,2436,OK,2023-10
2023-10-30,ICU,20,19,92.9,3,2,5.6,4371,WARNING,2023-10
2023-10-30,ER,40,35,87.7,6,4,0.1,757,OK,2023-10
2023-10-30,Med-Surg,80,61,76.3,8,10,4.5,1873,OK,2023-10
2023-10-30,Surgery,30,20,68.3,3,3,4.4,2383,OK,2023-10
2023-10-30,Peds,25,15,59.0,3,2,3.6,1953,OK,2023-10
2023-10-31,ICU,20,18,88.1,2,2,5.9,3914,OK,2023-10
2023-10-31,ER,40,36,90.1,5,4,1.2,933,WARNING,2023-10
2023-10-31,Med-Surg,80,62,78.0,8,10,4.3,1834,OK,2023-10
2023-10-31,Surgery,30,21,70.2,4,3,3.7,2789,OK,2023-10
2023-10-31,Peds,25,15,59.8,2,2,3.4,2151,OK,2023-10
2023-11-01,ICU,20,18,91.6,2,2,5.8,4261,WARNING,2023-11
2023-11-01,ER,40,34,85.1,4,4,0.3,790,OK,2023-11
2023-11-01,Med-Surg,80,64,80.6,4,8,3.9,2101,OK,2023-11
2023-11-01,Surgery,30,21,69.7,4,4,3.1,2579,OK,2023-11
2023-11-01,Peds,25,15,59.5,3,2,2.5,2644,OK,2023-11
2023-11-02,ICU,20,19,94.3,3,2,5.4,4279,WARNING,2023-11
2023-11-02,ER,40,36,89.8,4,5,0.9,1170,OK,2023-11
2023-11-02,Med-Surg,80,63,79.0,8,8,4.8,1434,OK,2023-11
2023-11-02,Surgery,30,20,67.5,4,3,3.8,2689,OK,2023-11
2023-11-02,Peds,25,15,60.0,2,4,2.4,1888,OK,2023-11
2023-11-03,ICU,20,19,95.0,2,2,6.4,4417,CRITICAL,2023-11
2023-11-03,ER,40,34,86.1,6,3,0.9,632,OK,2023-11
2023-11-03,Med-Surg,80,67,83.3,10,8,4.4,1979,OK,2023-11
2023-11-03,Surgery,30,22,73.4,3,3,3.8,2492,OK,2023-11
2023-11-03,Peds,25,16,62.4,2,3,2.8,1932,OK,2023-11
2023-11-04,ICU,20,16,79.2,2,1,5.8,4025,OK,2023-11
2023-11-04,ER,40,31,77.8,4,4,1.3,999,OK,2023-11
2023-11-04,Med-Surg,80,58,72.3,8,8,4.0,1761,OK,2023-11
2023-11-04,Surgery,30,19,64.1,3,4,3.7,2624,OK,2023-11
2023-11-04,Peds,25,14,56.0,3,2,3.1,2270,OK,2023-11
2023-11-05,ICU,20,17,83.1,2,2,6.7,4048,OK,2023-11
2023-11-05,ER,40,30,75.9,5,4,0.1,624,OK,2023-11
2023-11-05,Med-Surg,80,57,71.1,7,7,4.3,2060,OK,2023-11
2023-11-05,Surgery,30,19,64.6,3,3,3.7,2253,OK,2023-11
2023-11-05,Peds,25,13,53.4,3,2,2.9,2427,OK,2023-11
2023-11-06,ICU,20,18,88.0,2,2,6.4,4233,OK,2023-11
2023-11-06,ER,40,36,91.0,5,4,0.5,824,WARNING,2023-11
2023-11-06,Med-Surg,80,61,76.0,14,9,4.2,1923,OK,2023-11
2023-11-06,Surgery,30,22,73.5,4,3,4.1,2577,OK,2023-11
2023-11-06,Peds,25,15,59.5,4,3,3.3,2378,OK,2023-11
2023-11-07,ICU,20,18,92.1,3,2,5.8,4211,WARNING,2023-11
2023-11-07,ER,40,35,87.3,4,6,0.2,540,OK,2023-11
2023-11-07,Med-Surg,80,67,83.2,11,7,4.4,2094,OK,2023-11
2023-11-07,Surgery,30,22,71.9,5,2,4.1,2733,OK,2023-11
2023-11-07,Peds,25,16,62.6,3,3,3.1,2263,OK,2023-11
2023-11-08,ICU,20,19,93.7,3,2,6.1,4012,WARNING,2023-11
2023-11-08,ER,40,34,86.0,6,4,1.8,839,OK,2023-11
2023-11-08,Med-Surg,80,64,80.1,10,8,4.1,2026,OK,2023-11
2023-11-08,Surgery,30,22,72.2,3,3,3.6,2515,OK,2023-11
2023-11-08,Peds,25,16,63.2,2,3,3.0,1733,OK,2023-11
2023-11-09,ICU,20,18,89.7,2,2,6.3,4168,OK,2023-11
2023-11-09,ER,40,34,85.6,5,6,1.3,415,OK,2023-11
2023-11-09,Med-Surg,80,65,81.4,9,9,3.9,1824,OK,2023-11
2023-11-09,Surgery,30,22,72.3,3,3,3.6,2547,OK,2023-11
2023-11-09,Peds,25,16,62.1,3,3,3.0,2293,OK,2023-11
2023-11-10,ICU,20,19,95.2,2,2,6.3,3970,CRITICAL,2023-11
2023-11-10,ER,40,35,86.5,5,5,0.4,844,OK,2023-11
2023-11-10,Med-Surg,80,62,78.0,11,9,4.0,1728,OK,2023-11
2023-11-10,Surgery,30,22,71.9,3,4,3.6,2819,OK,2023-11
2023-11-10,Peds,25,16,63.7,3,3,2.6,2035,OK,2023-11
2023-11-11,ICU,20,17,85.8,2,2,6.5,4000,OK,2023-11
2023-11-11,ER,40,30,74.6,3,3,0.9,909,OK,2023-11
2023-11-11,Med-Surg,80,60,74.7,9,6,3.8,1708,OK,2023-11
2023-11-11,Surgery,30,18,61.4,4,3,3.2,2645,OK,2023-11
2023-11-11,Peds,25,14,56.1,3,3,2.4,2665,OK,2023-11
2023-11-12,ICU,20,16,80.1,2,2,5.9,4280,OK,2023-11
2023-11-12,ER,40,29,73.5,4,5,0.5,828,OK,2023-11
2023-11-12,Med-Surg,80,57,71.4,10,6,4.4,1746,OK,2023-11
2023-11-12,Surgery,30,19,63.7,4,2,3.3,2113,OK,2023-11
2023-11-12,Peds,25,13,52.8,3,2,2.2,2003,OK,2023-11
2023-11-13,ICU,20,18,87.9,2,2,5.6,4423,OK,2023-11
2023-11-13,ER,40,35,86.8,5,4,0.9,957,OK,2023-11
2023-11-13,Med-Surg,80,65,80.8,10,9,4.4,1732,OK,2023-11
2023-11-13,Surgery,30,22,72.0,3,3,3.5,2594,OK,2023-11
2023-11-13,Peds,25,16,63.4,4,2,3.5,2036,OK,2023-11
2023-11-14,ICU,20,19,93.7,2,2,6.4,3903,WARNING,2023-11
2023-11-14,ER,40,35,88.6,6,4,1.2,762,OK,2023-11
2023-11-14,Med-Surg,80,66,82.0,6,12,4.8,1743,OK,2023-11
2023-11-14,Surgery,30,20,67.7,4,3,4.0,2582,OK,2023-11
2023-11-14,Peds,25,15,59.3,4,3,3.4,2102,OK,2023-11
2023-11-15,ICU,20,18,88.1,3,2,5.5,4470,OK,2023-11
2023-11-15,ER,40,37,92.5,5,6,0.5,724,WARNING,2023-11
2023-11-15,Med-Surg,80,63,78.5,12,8,4.5,1688,OK,2023-11
2023-11-15,Surgery,30,21,71.0,4,3,3.6,2727,OK,2023-11
2023-11-15,Peds,25,16,63.9,3,2,2.6,2116,OK,2023-11
2023-11-16,ICU,20,19,92.9,2,2,6.2,3857,WARNING,2023-11
2023-11-16,ER,40,34,84.6,4,4,1.4,848,OK,2023-11
2023-11-16,Med-Surg,80,62,78.0,10,8,4.3,1916,OK,2023-11
2023-11-16,Surgery,30,22,74.6,4,4,4.3,2359,OK,2023-11
2023-11-16,Peds,25,16,65.0,3,2,3.7,2516,OK,2023-11
2023-11-17,ICU,20,18,91.9,2,2,6.6,4456,WARNING,2023-11
2023-11-17,ER,40,35,88.5,5,5,0.3,1006,OK,2023-11
2023-11-17,Med-Surg,80,63,79.3,10,9,4.1,1725,OK,2023-11
2023-11-17,Surgery,30,22,74.9,3,3,4.9,2696,OK,2023-11
2023-11-17,Peds,25,14,56.6,3,2,2.4,1472,OK,2023-11
2023-11-18,ICU,20,16,80.6,2,2,5.4,4217,OK,2023-11
2023-11-18,ER,40,30,75.6,5,5,0.9,735,OK,2023-11
2023-11-18,Med-Surg,80,60,74.6,6,6,4.1,2251,OK,2023-11
2023-11-18,Surgery,30,19,63.0,3,2,4.3,2691,OK,2023-11
2023-11-18,Peds,25,14,55.0,2,2,2.3,2117,OK,2023-11
2023-11-19,ICU,20,16,78.3,2,2,6.0,4092,OK,2023-11
2023-11-19,ER,40,31,77.6,4,4,0.6,602,OK,2023-11
2023-11-19,Med-Surg,80,56,70.6,9,6,4.6,1624,OK,2023-11
2023-11-19,Surgery,30,19,63.5,4,3,3.8,2428,OK,2023-11
2023-11-19,Peds,25,14,55.2,3,2,2.5,1686,OK,2023-11
2023-11-20,ICU,20,18,92.4,2,3,6.4,4467,WARNING,2023-11
2023-11-20,ER,40,34,85.2,6,4,0.9,508,OK,2023-11
2023-11-20,Med-Surg,80,64,80.6,7,8,4.3,1696,OK,2023-11
2023-11-20,Surgery,30,21,69.7,4,3,3.6,2508,OK,2023-11
2023-11-20,Peds,25,16,65.8,4,3,3.1,2133,OK,2023-11
2023-11-21,ICU,20,17,85.4,2,2,5.3,3969,OK,2023-11
2023-11-21,ER,40,33,81.8,5,5,1.1,883,OK,2023-11
2023-11-21,Med-Surg,80,62,77.7,7,6,3.5,1622,OK,2023-11
2023-11-21,Surgery,30,21,71.7,3,3,3.7,2502,OK,2023-11
2023-11-21,Peds,25,16,63.1,2,3,2.9,2033,OK,2023-11
2023-11-22,ICU,20,19,94.4,3,2,6.1,4256,WARNING,2023-11
2023-11-22,ER,40,35,86.3,5,5,1.4,494,OK,2023-11
2023-11-22,Med-Surg,80,64,79.7,8,10,3.3,1869,OK,2023-11
2023-11-22,Surgery,30,21,70.6,3,3,3.6,2717,OK,2023-11
2023-11-22,Peds,25,15,61.0,3,3,3.0,1988,OK,2023-11
2023-11-23,ICU,20,19,93.3,2,2,5.4,4385,WARNING,2023-11
2023-11-23,ER,40,34,86.0,5,4,0.7,648,OK,2023-11
2023-11-23,Med-Surg,80,64,79.7,11,10,4.1,1446,OK,2023-11
2023-11-23,Surgery,30,24,78.5,5,4,3.4,2477,OK,2023-11
2023-11-23,Peds,25,15,60.0,4,3,2.5,2006,OK,2023-11
2023-11-24,ICU,20,19,95.1,3,3,6.6,4149,CRITICAL,2023-11
2023-11-24,ER,40,31,78.5,5,4,0.6,811,OK,2023-11
2023-11-24,Med-Surg,80,61,76.8,10,10,4.4,1989,OK,2023-11
2023-11-24,Surgery,30,22,73.3,3,3,3.8,2522,OK,2023-11
2023-11-24,Peds,25,16,62.8,3,4,4.0,2116,OK,2023-11
2023-11-25,ICU,20,14,71.6,3,2,5.8,4120,OK,2023-11
2023-11-25,ER,40,30,75.5,5,3,0.0,869,OK,2023-11
2023-11-25,Med-Surg,80,57,71.7,9,7,3.6,1699,OK,2023-11
2023-11-25,Surgery,30,19,63.8,4,2,3.7,2233,OK,2023-11
2023-11-25,Peds,25,13,51.0,3,3,3.1,2284,OK,2023-11
2023-11-26,ICU,20,16,79.8,2,3,6.1,4347,OK,2023-11
2023-11-26,ER,40,31,76.6,3,3,0.2,1011,OK,2023-11
2023-11-26,Med-Surg,80,58,72.1,10,7,4.9,1607,OK,2023-11
2023-11-26,Surgery,30,19,63.8,3,3,4.5,2359,OK,2023-11
2023-11-26,Peds,25,13,51.5,3,2,4.6,2235,OK,2023-11
2023-11-27,ICU,20,18,90.9,2,2,5.7,4223,WARNING,2023-11
2023-11-27,ER,40,36,90.7,6,5,0.3,854,WARNING,2023-11
2023-11-27,Med-Surg,80,63,78.8,12,9,4.1,1357,OK,2023-11
2023-11-27,Surgery,30,21,71.6,4,3,3.4,2659,OK,2023-11
2023-11-27,Peds,25,15,58.3,3,3,2.7,1875,OK,2023-11
2023-11-28,ICU,20,19,93.0,3,2,5.8,4427,WARNING,2023-11
2023-11-28,ER,40,34,86.2,6,5,1.0,599,OK,2023-11
2023-11-28,Med-Surg,80,66,82.3,10,7,3.8,1419,OK,2023-11
2023-11-28,Surgery,30,22,71.8,5,4,4.9,2676,OK,2023-11
2023-11-28,Peds,25,16,62.9,4,3,2.8,2307,OK,2023-11
2023-11-29,ICU,20,19,96.0,2,2,6.3,4366,CRITICAL,2023-11
2023-11-29,ER,40,36,89.1,4,6,0.2,747,OK,2023-11
2023-11-29,Med-Surg,80,62,77.8,13,9,3.7,1973,OK,2023-11
2023-11-29,Surgery,30,22,73.7,3,4,3.4,2401,OK,2023-11
2023-11-29,Peds,25,14,57.3,2,3,3.7,2113,OK,2023-11
2023-11-30,ICU,20,19,96.6,2,2,6.2,4175,CRITICAL,2023-11
2023-11-30,ER,40,35,86.4,6,4,0.9,1006,OK,2023-11
2023-11-30,Med-Surg,80,65,80.9,8,7,4.2,1766,OK,2023-11
2023-11-30,Surgery,30,22,72.2,4,5,3.1,2102,OK,2023-11
2023-11-30,Peds,25,15,61.6,3,3,3.2,2357,OK,2023-11
2023-12-01,ICU,20,20,100.0,3,3,6.6,4639,CRITICAL,2023-12
2023-12-01,ER,40,40,100.0,5,4,0.2,681,CRITICAL,2023-12
2023-12-01,Med-Surg,80,75,93.8,11,8,3.9,1976,WARNING,2023-12
2023-12-01,Surgery,30,25,83.7,4,4,4.6,2547,OK,2023-12
2023-12-01,Peds,25,17,69.3,3,3,1.7,2063,OK,2023-12
2023-12-02,ICU,20,19,92.5,2,2,6.6,4246,WARNING,2023-12
2023-12-02,ER,40,35,88.3,5,5,1.1,825,OK,2023-12
2023-12-02,Med-Surg,80,62,77.4,12,9,3.8,1549,OK,2023-12
2023-12-02,Surgery,30,22,73.7,4,4,3.6,2333,OK,2023-12
2023-12-02,Peds,25,16,63.4,3,3,3.2,2092,OK,2023-12
2023-12-03,ICU,20,19,93.8,3,2,6.1,4470,WARNING,2023-12
2023-12-03,ER,40,33,81.8,6,3,0.2,792,OK,2023-12
2023-12-03,Med-Surg,80,64,80.6,11,7,4.2,1684,OK,2023-12
2023-12-03,Surgery,30,22,73.5,4,3,3.5,2398,OK,2023-12
2023-12-03,Peds,25,16,62.3,3,3,2.5,2223,OK,2023-12
2023-12-04,ICU,20,20,100.0,3,2,5.3,4093,CRITICAL,2023-12
2023-12-04,ER,40,39,97.7,5,5,0.9,742,CRITICAL,2023-12
2023-12-04,Med-Surg,80,74,92.4,11,10,4.1,1902,WARNING,2023-12
2023-12-04,Surgery,30,24,80.8,5,4,3.1,2538,OK,2023-12
2023-12-04,Peds,25,17,68.4,4,4,2.5,2166,OK,2023-12
2023-12-05,ICU,20,20,100.0,3,2,5.9,3980,CRITICAL,2023-12
2023-12-05,ER,40,40,100.0,6,5,0.1,1118,CRITICAL,2023-12
2023-12-05,Med-Surg,80,72,89.9,7,11,3.5,1998,OK,2023-12
2023-12-05,Surgery,30,25,81.9,5,5,3.2,2387,OK,2023-12
2023-12-05,Peds,25,17,70.0,4,3,2.6,2196,OK,2023-12
2023-12-06,ICU,20,20,100.0,3,2,7.3,3930,CRITICAL,2023-12
2023-12-06,ER,40,40,99.1,5,7,0.2,1197,CRITICAL,2023-12
2023-12-06,Med-Surg,80,75,94.1,12,9,4.4,1655,WARNING,2023-12
2023-12-06,Surgery,30,26,85.9,4,4,3.5,2302,OK,2023-12
2023-12-06,Peds,25,18,71.7,4,4,2.0,2313,OK,2023-12
2023-12-07,ICU,20,20,100.0,3,3,6.1,3926,CRITICAL,2023-12
2023-12-07,ER,40,40,99.1,6,4,0.2,919,CRITICAL,2023-12
2023-12-07,Med-Surg,80,74,92.0,12,10,4.3,1714,WARNING,2023-12
2023-12-07,Surgery,30,25,83.4,4,5,3.5,2726,OK,2023-12
2023-12-07,Peds,25,17,69.7,4,3,2.4,1751,OK,2023-12
2023-12-08,ICU,20,20,100.0,3,3,6.7,4111,CRITICAL,2023-12
2023-12-08,ER,40,39,97.4,4,5,1.2,1053,CRITICAL,2023-12
2023-12-08,Med-Surg,80,75,94.0,12,13,4.3,1929,WARNING,2023-12
2023-12-08,Surgery,30,25,82.0,3,3,3.8,2512,OK,2023-12
2023-12-08,Peds,25,19,74.2,3,4,2.7,2038,OK,2023-12
2023-12-09,ICU,20,18,89.4,2,2,6.2,4389,OK,2023-12
2023-12-09,ER,40,35,88.5,5,6,0.5,1033,OK,2023-12
2023-12-09,Med-Surg,80,64,80.0,11,10,4.2,1329,OK,2023-12
2023-12-09,Surgery,30,22,72.9,4,4,4.0,2156,OK,2023-12
2023-12-09,Peds,25,15,60.4,3,3,3.5,2071,OK,2023-12
2023-12-10,ICU,20,19,94.2,2,2,5.1,4286,WARNING,2023-12
2023-12-10,ER,40,35,88.5,4,3,0.8,747,OK,2023-12
2023-12-10,Med-Surg,80,66,82.3,12,6,3.8,1758,OK,2023-12
2023-12-10,Surgery,30,23,76.0,3,4,3.9,2481,OK,2023-12
2023-12-10,Peds,25,15,61.4,3,3,2.4,2169,OK,2023-12
2023-12-11,ICU,20,20,100.0,2,4,6.4,4323,CRITICAL,2023-12
2023-12-11,ER,40,40,100.0,4,6,0.8,646,CRITICAL,2023-12
2023-12-11,Med-Surg,80,73,90.7,12,10,4.0,1798,WARNING,2023-12
2023-12-11,Surgery,30,24,80.4,3,4,4.1,2817,OK,2023-12
2023-12-11,Peds,25,17,68.5,4,3,3.5,2304,OK,2023-12
2023-12-12,ICU,20,20,100.0,3,3,6.5,4063,CRITICAL,2023-12
2023-12-12,ER,40,38,96.1,5,6,1.1,578,CRITICAL,2023-12
2023-12-12,Med-Surg,80,71,88.8,13,8,4.4,1677,OK,2023-12
2023-12-12,Surgery,30,26,86.8,4,4,3.9,2550,OK,2023-12
2023-12-12,Peds,25,17,66.0,2,3,3.0,1875,OK,2023-12
2023-12-13,ICU,20,20,100.0,3,3,6.1,4356,CRITICAL,2023-12
2023-12-13,ER,40,39,96.5,5,6,0.5,825,CRITICAL,2023-12
2023-12-13,Med-Surg,80,79,98.4,9,11,4.9,1735,CRITICAL,2023-12
2023-12-13,Surgery,30,25,84.9,4,3,4.0,2660,OK,2023-12
2023-12-13,Peds,25,18,72.5,4,3,3.5,2032,OK,2023-12
2023-12-14,ICU,20,20,100.0,3,3,6.4,3879,CRITICAL,2023-12
2023-12-14,ER,40,39,96.7,6,4,0.9,974,CRITICAL,2023-12
2023-12-14,Med-Surg,80,74,92.9,9,12,5.1,1829,WARNING,2023-12
2023-12-14,Surgery,30,25,84.1,4,4,3.7,2493,OK,2023-12
2023-12-14,Peds,25,18,72.1,5,2,2.8,1864,OK,2023-12
2023-12-15,ICU,20,20,100.0,3,2,6.5,4549,CRITICAL,2023-12
2023-12-15,ER,40,40,100.0,6,5,1.2,625,CRITICAL,2023-12
2023-12-15,Med-Surg,80,73,91.7,10,8,3.9,2022,WARNING,2023-12
2023-12-15,Surgery,30,25,84.2,5,4,4.1,2340,OK,2023-12
2023-12-15,Peds,25,17,69.5,4,3,3.1,2072,OK,2023-12
2023-12-16,ICU,20,18,92.0,4,3,6.4,4153,WARNING,2023-12
2023-12-16,ER,40,35,86.9,5,5,0.4,486,OK,2023-12
2023-12-16,Med-Surg,80,64,79.4,10,9,4.8,1504,OK,2023-12
2023-12-16,Surgery,30,21,71.2,4,3,4.2,2910,OK,2023-12
2023-12-16,Peds,25,15,60.4,3,3,1.9,2038,OK,2023-12
2023-12-17,ICU,20,19,95.6,3,2,6.0,4069,CRITICAL,2023-12
2023-12-17,ER,40,37,91.4,4,5,0.6,1092,WARNING,2023-12
2023-12-17,Med-Surg,80,67,83.3,8,7,4.4,1787,OK,2023-12
2023-12-17,Surgery,30,22,71.9,4,3,3.8,2656,OK,2023-12
2023-12-17,Peds,25,15,61.0,4,2,3.2,2387,OK,2023-12
2023-12-18,ICU,20,20,100.0,3,3,6.8,4166,CRITICAL,2023-12
2023-12-18,ER,40,39,97.8,6,6,0.1,559,CRITICAL,2023-12
2023-12-18,Med-Surg,80,74,92.6,12,10,4.4,1658,WARNING,2023-12
2023-12-18,Surgery,30,23,77.5,4,4,3.7,2268,OK,2023-12
2023-12-18,Peds,25,17,66.3,3,4,3.5,2338,OK,2023-12
2023-12-19,ICU,20,20,100.0,2,3,6.5,4280,CRITICAL,2023-12
2023-12-19,ER,40,38,94.0,5,5,0.7,953,WARNING,2023-12
2023-12-19,Med-Surg,80,74,92.4,12,10,4.4,1863,WARNING,2023-12
2023-12-19,Surgery,30,25,83.0,4,4,4.0,2553,OK,2023-12
2023-12-19,Peds,25,18,71.0,4,3,2.6,2277,OK,2023-12
2023-12-20,ICU,20,20,100.0,2,3,6.5,3951,CRITICAL,2023-12
2023-12-20,ER,40,40,98.9,5,5,1.0,941,CRITICAL,2023-12
2023-12-20,Med-Surg,80,74,91.9,10,8,4.8,1918,WARNING,2023-12
2023-12-20,Surgery,30,24,81.0,5,4,3.7,2587,OK,2023-12
2023-12-20,Peds,25,17,68.6,3,3,2.7,2234,OK,2023-12
2023-12-21,ICU,20,20,100.0,2,2,5.2,4170,CRITICAL,2023-12
2023-12-21,ER,40,39,98.1,6,5,0.3,437,CRITICAL,2023-12
2023-12-21,Med-Surg,80,74,92.8,11,9,3.3,1894,WARNING,2023-12
2023-12-21,Surgery,30,26,86.0,4,3,3.8,2227,OK,2023-12
2023-12-21,Peds,25,18,72.4,3,2,2.7,2193,OK,2023-12
2023-12-22,ICU,20,20,100.0,3,2,6.5,4070,CRITICAL,2023-12
2023-12-22,ER,40,37,93.6,5,6,0.3,1148,WARNING,2023-12
2023-12-22,Med-Surg,80,75,93.2,12,10,4.1,1747,WARNING,2023-12
2023-12-22,Surgery,30,25,82.0,4,3,3.3,2275,OK,2023-12
2023-12-22,Peds,25,19,74.5,4,3,2.4,2225,OK,2023-12
2023-12-23,ICU,20,19,92.8,3,2,6.3,4115,WARNING,2023-12
2023-12-23,ER,40,34,86.0,5,3,0.8,937,OK,2023-12
2023-12-23,Med-Surg,80,63,78.8,9,9,4.2,1769,OK,2023-12
2023-12-23,Surgery,30,22,73.8,5,3,2.9,2665,OK,2023-12
2023-12-23,Peds,25,16,64.8,3,2,2.8,1876,OK,2023-12
2023-12-24,ICU,20,19,94.9,2,2,5.7,4225,WARNING,2023-12
2023-12-24,ER,40,35,87.1,5,4,0.0,925,OK,2023-12
2023-12-24,Med-Surg,80,65,80.8,8,12,4.3,1769,OK,2023-12
2023-12-24,Surgery,30,23,76.0,5,3,4.0,2302,OK,2023-12
2023-12-24,Peds,25,15,61.5,3,3,3.1,2212,OK,2023-12
2023-12-25,ICU,20,20,100.0,2,2,5.9,4144,CRITICAL,2023-12
2023-12-25,ER,40,40,100.0,5,5,1.0,740,CRITICAL,2023-12
2023-12-25,Med-Surg,80,75,93.3,11,11,4.0,1933,WARNING,2023-12
2023-12-25,Surgery,30,24,79.0,4,4,4.1,2799,OK,2023-12
2023-12-25,Peds,25,17,69.3,4,3,3.6,2263,OK,2023-12
2023-12-26,ICU,20,20,100.0,3,3,6.5,4155,CRITICAL,2023-12
2023-12-26,ER,40,40,99.1,7,5,0.9,755,CRITICAL,2023-12
2023-12-26,Med-Surg,80,77,96.6,10,9,4.9,1711,CRITICAL,2023-12
2023-12-26,Surgery,30,26,86.8,5,4,2.9,2496,OK,2023-12
2023-12-26,Peds,25,18,70.4,4,4,2.6,2260,OK,2023-12
2023-12-27,ICU,20,20,100.0,3,3,5.2,4169,CRITICAL,2023-12
2023-12-27,ER,40,39,96.6,5,6,0.7,1030,CRITICAL,2023-12
2023-12-27,Med-Surg,80,74,92.9,9,6,4.2,1757,WARNING,2023-12
2023-12-27,Surgery,30,24,80.4,3,3,3.7,2633,OK,2023-12
2023-12-27,Peds,25,18,70.5,4,3,3.3,2109,OK,2023-12
2023-12-28,ICU,20,20,100.0,3,3,6.3,4064,CRITICAL,2023-12
2023-12-28,ER,40,40,100.0,5,5,0.1,794,CRITICAL,2023-12
2023-12-28,Med-Surg,80,74,93.1,11,12,4.5,1799,WARNING,2023-12
2023-12-28,Surgery,30,25,83.3,4,4,2.9,2440,OK,2023-12
2023-12-28,Peds,25,17,67.0,4,3,2.8,2279,OK,2023-12
2023-12-29,ICU,20,20,100.0,2,3,6.0,3851,CRITICAL,2023-12
2023-12-29,ER,40,39,98.0,5,5,0.2,1030,CRITICAL,2023-12
2023-12-29,Med-Surg,80,73,91.7,11,11,3.7,1891,WARNING,2023-12
2023-12-29,Surgery,30,25,81.9,4,4,4.5,2645,OK,2023-12
2023-12-29,Peds,25,18,72.1,3,2,3.6,2511,OK,2023-12
2023-12-30,ICU,20,19,97.4,2,2,5.7,3863,CRITICAL,2023-12
2023-12-30,ER,40,35,87.8,6,4,0.7,1075,OK,2023-12
2023-12-30,Med-Surg,80,64,80.0,13,12,4.0,1684,OK,2023-12
2023-12-30,Surgery,30,22,74.4,3,3,4.4,2743,OK,2023-12
2023-12-30,Peds,25,16,62.0,2,2,3.0,2000,OK,2023-12
2023-12-31,ICU,20,18,92.2,3,2,6.9,4002,WARNING,2023-12
2023-12-31,ER,40,35,87.1,5,5,1.3,884,OK,2023-12
2023-12-31,Med-Surg,80,68,85.4,11,10,3.9,1803,OK,2023-12
2023-12-31,Surgery,30,22,74.9,5,4,3.8,2775,OK,2023-12
2023-12-31,Peds,25,14,57.7,2,3,2.9,2221,OK,2023-12
2024-01-01,ICU,20,20,100.0,3,2,6.5,4399,CRITICAL,2024-01
2024-01-01,ER,40,40,100.0,7,5,0.6,495,CRITICAL,2024-01
2024-01-01,Med-Surg,80,72,90.5,11,12,3.8,1959,WARNING,2024-01
2024-01-01,Surgery,30,25,82.8,4,4,3.6,2414,OK,2024-01
2024-01-01,Peds,25,17,66.6,3,3,2.6,2183,OK,2024-01
2024-01-02,ICU,20,20,100.0,3,3,6.5,4141,CRITICAL,2024-01
2024-01-02,ER,40,39,98.7,6,5,1.2,1038,CRITICAL,2024-01
2024-01-02,Med-Surg,80,72,90.5,11,11,4.6,1988,WARNING,2024-01
2024-01-02,Surgery,30,25,82.6,3,3,3.9,2568,OK,2024-01
2024-01-02,Peds,25,17,67.8,3,3,2.3,2321,OK,2024-01
2024-01-03,ICU,20,20,100.0,3,2,5.7,4108,CRITICAL,2024-01
2024-01-03,ER,40,40,99.8,5,5,0.7,766,CRITICAL,2024-01
2024-01-03,Med-Surg,80,73,91.8,8,11,4.1,2122,WARNING,2024-01
2024-01-03,Surgery,30,24,80.5,3,4,4.0,2298,OK,2024-01
2024-01-03,Peds,25,17,66.9,4,4,1.7,2008,OK,2024-01
2024-01-04,ICU,20,20,100.0,3,2,6.1,3976,CRITICAL,2024-01
2024-01-04,ER,40,38,94.9,6,4,0.6,977,WARNING,2024-01
2024-01-04,Med-Surg,80,70,88.0,10,12,4.4,1677,OK,2024-01
2024-01-04,Surgery,30,26,85.8,5,4,3.3,2417,OK,2024-01
2024-01-04,Peds,25,18,70.8,3,4,2.1,1801,OK,2024-01
2024-01-05,ICU,20,20,100.0,3,2,5.3,4204,CRITICAL,2024-01
2024-01-05,ER,40,40,99.9,6,5,0.4,1035,CRITICAL,2024-01
2024-01-05,Med-Surg,80,71,88.4,12,8,3.7,1557,OK,2024-01
2024-01-05,Surgery,30,25,84.7,4,4,3.2,2440,OK,2024-01
2024-01-05,Peds,25,17,68.5,4,3,3.6,1765,OK,2024-01
2024-01-06,ICU,20,18,90.9,3,2,5.5,4244,WARNING,2024-01
2024-01-06,ER,40,35,86.8,4,4,1.9,750,OK,2024-01
2024-01-06,Med-Surg,80,61,76.3,12,10,3.7,1613,OK,2024-01
2024-01-06,Surgery,30,22,74.3,4,2,4.7,2413,OK,2024-01
2024-01-06,Peds,25,16,64.5,4,2,3.4,1970,OK,2024-01
2024-01-07,ICU,20,18,87.9,2,2,6.0,4139,OK,2024-01
2024-01-07,ER,40,36,91.1,5,4,0.9,840,WARNING,2024-01
2024-01-07,Med-Surg,80,60,74.8,10,9,4.1,1978,OK,2024-01
2024-01-07,Surgery,30,21,71.4,4,3,4.0,2891,OK,2024-01
2024-01-07,Peds,25,15,59.9,3,2,3.0,1887,OK,2024-01
2024-01-08,ICU,20,20,100.0,3,3,5.3,4399,CRITICAL,2024-01
2024-01-08,ER,40,40,100.0,6,5,0.6,1006,CRITICAL,2024-01
2024-01-08,Med-Surg,80,78,97.3,9,12,4.1,1774,CRITICAL,2024-01
2024-01-08,Surgery,30,24,79.0,4,3,3.6,2280,OK,2024-01
2024-01-08,Peds,25,17,69.2,3,3,2.1,1811,OK,2024-01
2024-01-09,ICU,20,20,100.0,2,3,6.3,4321,CRITICAL,2024-01
2024-01-09,ER,40,40,100.0,5,5,0.9,902,CRITICAL,2024-01
2024-01-09,Med-Surg,80,73,91.5,13,10,4.1,1804,WARNING,2024-01
2024-01-09,Surgery,30,24,80.5,4,5,4.0,2506,OK,2024-01
2024-01-09,Peds,25,17,69.8,4,4,3.2,2034,OK,2024-01
2024-01-10,ICU,20,20,100.0,3,2,6.3,3768,CRITICAL,2024-01
2024-01-10,ER,40,40,100.0,6,6,0.3,862,CRITICAL,2024-01
2024-01-10,Med-Surg,80,77,95.9,13,10,4.2,2022,CRITICAL,2024-01
2024-01-10,Surgery,30,24,79.1,4,5,4.3,2574,OK,2024-01
2024-01-10,Peds,25,17,67.0,3,3,3.1,1938,OK,2024-01
2024-01-11,ICU,20,20,100.0,2,3,6.0,4231,CRITICAL,2024-01
2024-01-11,ER,40,40,100.0,5,4,0.0,655,CRITICAL,2024-01
2024-01-11,Med-Surg,80,74,93.0,10,13,4.6,1962,WARNING,2024-01
2024-01-11,Surgery,30,25,82.5,5,4,3.8,2534,OK,2024-01
2024-01-11,Peds,25,18,71.6,4,3,2.6,2228,OK,2024-01
2024-01-12,ICU,20,20,100.0,3,2,6.1,4325,CRITICAL,2024-01
2024-01-12,ER,40,40,100.0,5,5,0.3,1071,CRITICAL,2024-01
2024-01-12,Med-Surg,80,74,91.9,10,11,3.9,1555,WARNING,2024-01
2024-01-12,Surgery,30,24,80.6,5,4,3.9,2450,OK,2024-01
2024-01-12,Peds,25,18,70.8,4,3,3.0,2274,OK,2024-01
2024-01-13,ICU,20,19,93.2,2,2,5.2,4605,WARNING,2024-01
2024-01-13,ER,40,36,90.3,4,4,0.2,1109,WARNING,2024-01
2024-01-13,Med-Surg,80,62,77.5,10,9,4.5,1779,OK,2024-01
2024-01-13,Surgery,30,21,69.0,4,3,3.8,2787,OK,2024-01
2024-01-13,Peds,25,15,58.5,3,3,2.7,2248,OK,2024-01
2024-01-14,ICU,20,19,92.6,3,2,6.3,4356,WARNING,2024-01
2024-01-14,ER,40,34,86.1,5,4,1.0,760,OK,2024-01
2024-01-14,Med-Surg,80,66,81.9,10,9,4.2,1907,OK,2024-01
2024-01-14,Surgery,30,21,70.1,4,2,3.5,2481,OK,2024-01
2024-01-14,Peds,25,16,62.5,4,2,2.6,1675,OK,2024-01
2024-01-15,ICU,20,20,100.0,3,3,6.3,4409,CRITICAL,2024-01
2024-01-15,ER,40,40,100.0,5,4,0.6,502,CRITICAL,2024-01
2024-01-15,Med-Surg,80,76,95.6,11,12,3.9,1854,CRITICAL,2024-01
2024-01-15,Surgery,30,25,83.3,4,4,4.0,2315,OK,2024-01
2024-01-15,Peds,25,17,67.6,4,4,2.9,2433,OK,2024-01
2024-01-16,ICU,20,20,100.0,3,3,5.7,4570,CRITICAL,2024-01
2024-01-16,ER,40,40,100.0,5,6,0.3,966,CRITICAL,2024-01
2024-01-16,Med-Surg,80,68,85.4,9,12,4.0,1842,OK,2024-01
2024-01-16,Surgery,30,24,79.5,5,4,3.7,2419,OK,2024-01
2024-01-16,Peds,25,18,72.3,4,4,4.0,1916,OK,2024-01
2024-01-17,ICU,20,20,100.0,2,3,6.3,4170,CRITICAL,2024-01
2024-01-17,ER,40,40,100.0,7,4,0.2,964,CRITICAL,2024-01
2024-01-17,Med-Surg,80,73,90.7,10,12,3.5,1740,WARNING,2024-01
2024-01-17,Surgery,30,25,83.6,4,4,3.5,2782,OK,2024-01
2024-01-17,Peds,25,17,69.9,4,4,2.6,1689,OK,2024-01
2024-01-18,ICU,20,20,100.0,3,3,6.1,4114,CRITICAL,2024-01
2024-01-18,ER,40,40,100.0,4,6,0.2,733,CRITICAL,2024-01
2024-01-18,Med-Surg,80,73,91.1,10,11,4.8,1894,WARNING,2024-01
2024-01-18,Surgery,30,25,83.1,4,4,4.9,2424,OK,2024-01
2024-01-18,Peds,25,17,69.4,3,3,1.5,2181,OK,2024-01
2024-01-19,ICU,20,20,100.0,2,3,5.7,4132,CRITICAL,2024-01
2024-01-19,ER,40,40,100.0,4,4,0.6,1030,CRITICAL,2024-01
2024-01-19,Med-Surg,80,70,87.7,12,11,3.1,1960,OK,2024-01
2024-01-19,Surgery,30,25,85.0,4,5,4.4,2521,OK,2024-01
2024-01-19,Peds,25,17,69.2,3,3,3.2,2035,OK,2024-01
2024-01-20,ICU,20,17,87.0,3,2,6.0,4371,OK,2024-01
2024-01-20,ER,40,37,92.1,3,5,0.2,900,WARNING,2024-01
2024-01-20,Med-Surg,80,65,81.3,11,8,3.2,1710,OK,2024-01
2024-01-20,Surgery,30,22,73.8,4,3,4.3,2370,OK,2024-01
2024-01-20,Peds,25,16,62.4,3,3,3.3,1855,OK,2024-01
2024-01-21,ICU,20,18,91.2,2,3,5.8,4608,WARNING,2024-01
2024-01-21,ER,40,37,93.3,5,4,0.2,786,WARNING,2024-01
2024-01-21,Med-Surg,80,62,77.5,10,11,3.8,1752,OK,2024-01
2024-01-21,Surgery,30,21,69.1,4,3,3.8,2457,OK,2024-01
2024-01-21,Peds,25,15,61.2,3,3,3.1,2143,OK,2024-01
2024-01-22,ICU,20,20,100.0,3,3,7.0,4284,CRITICAL,2024-01
2024-01-22,ER,40,40,100.0,6,4,1.2,827,CRITICAL,2024-01
2024-01-22,Med-Surg,80,73,91.9,12,10,4.2,1682,WARNING,2024-01
2024-01-22,Surgery,30,26,86.0,4,4,3.3,2554,OK,2024-01
2024-01-22,Peds,25,18,70.5,4,3,2.1,2225,OK,2024-01
2024-01-23,ICU,20,20,100.0,2,3,6.3,4199,CRITICAL,2024-01
2024-01-23,ER,40,40,98.9,4,6,0.1,644,CRITICAL,2024-01
2024-01-23,Med-Surg,80,76,94.7,8,8,4.1,1859,WARNING,2024-01
2024-01-23,Surgery,30,25,84.0,4,5,3.7,2454,OK,2024-01
2024-01-23,Peds,25,17,68.5,4,3,3.5,1802,OK,2024-01
2024-01-24,ICU,20,20,100.0,3,3,6.2,4308,CRITICAL,2024-01
2024-01-24,ER,40,39,97.6,7,6,0.2,585,CRITICAL,2024-01
2024-01-24,Med-Surg,80,71,89.1,12,8,3.9,1891,OK,2024-01
2024-01-24,Surgery,30,25,82.6,4,3,4.1,2377,OK,2024-01
2024-01-24,Peds,25,17,69.5,4,3,2.9,1950,OK,2024-01
2024-01-25,ICU,20,20,100.0,3,2,6.0,4278,CRITICAL,2024-01
2024-01-25,ER,40,38,96.2,6,6,0.1,1072,CRITICAL,2024-01
2024-01-25,Med-Surg,80,73,91.6,12,9,4.6,1881,WARNING,2024-01
2024-01-25,Surgery,30,24,80.8,3,3,3.9,2614,OK,2024-01
2024-01-25,Peds,25,18,71.5,3,3,2.6,2330,OK,2024-01
2024-01-26,ICU,20,20,100.0,3,2,6.4,4108,CRITICAL,2024-01
2024-01-26,ER,40,40,100.0,6,5,0.4,690,CRITICAL,2024-01
2024-01-26,Med-Surg,80,70,88.1,10,10,4.3,1830,OK,2024-01
2024-01-26,Surgery,30,25,82.1,5,4,4.2,2145,OK,2024-01
2024-01-26,Peds,25,15,61.9,4,2,2.8,2040,OK,2024-01
2024-01-27,ICU,20,20,97.5,3,2,6.6,4274,CRITICAL,2024-01
2024-01-27,ER,40,35,86.8,6,4,0.7,490,OK,2024-01
2024-01-27,Med-Surg,80,65,81.5,10,11,3.3,1680,OK,2024-01
2024-01-27,Surgery,30,22,74.7,4,3,3.3,2382,OK,2024-01
2024-01-27,Peds,25,16,64.0,3,3,2.8,1863,OK,2024-01
2024-01-28,ICU,20,19,95.7,3,3,5.7,4365,CRITICAL,2024-01
2024-01-28,ER,40,34,84.6,5,5,0.5,759,OK,2024-01
2024-01-28,Med-Surg,80,64,79.6,9,9,4.7,1773,OK,2024-01
2024-01-28,Surgery,30,22,73.3,4,3,3.3,2722,OK,2024-01
2024-01-28,Peds,25,16,62.3,3,2,2.7,2065,OK,2024-01
2024-01-29,ICU,20,20,100.0,2,2,6.5,4069,CRITICAL,2024-01
2024-01-29,ER,40,39,97.0,5,5,0.3,1233,CRITICAL,2024-01
2024-01-29,Med-Surg,80,76,94.9,13,12,3.6,1556,WARNING,2024-01
2024-01-29,Surgery,30,24,80.1,5,3,3.2,2414,OK,2024-01
2024-01-29,Peds,25,17,69.6,4,3,2.5,2237,OK,2024-01
2024-01-30,ICU,20,20,100.0,3,3,5.9,4086,CRITICAL,2024-01
2024-01-30,ER,40,40,100.0,5,5,0.8,1211,CRITICAL,2024-01
2024-01-30,Med-Surg,80,75,93.7,12,11,3.6,1823,WARNING,2024-01
2024-01-30,Surgery,30,25,82.7,4,4,4.0,2438,OK,2024-01
2024-01-30,Peds,25,18,70.3,3,3,3.6,2164,OK,2024-01
2024-01-31,ICU,20,20,100.0,4,2,5.6,4543,CRITICAL,2024-01
2024-01-31,ER,40,40,100.0,5,4,0.7,909,CRITICAL,2024-01
2024-01-31,Med-Surg,80,71,89.0,11,10,4.2,1576,OK,2024-01
2024-01-31,Surgery,30,26,85.9,5,4,3.7,2473,OK,2024-01
2024-01-31,Peds,25,17,68.5,3,3,3.7,2289,OK,2024-01
2024-02-01,ICU,20,20,100.0,3,2,6.2,4394,CRITICAL,2024-02
2024-02-01,ER,40,39,96.3,6,7,1.0,1083,CRITICAL,2024-02
2024-02-01,Med-Surg,80,74,92.6,13,9,4.5,1931,WARNING,2024-02
2024-02-01,Surgery,30,25,83.5,5,3,3.7,2519,OK,2024-02
2024-02-01,Peds,25,17,68.0,4,2,3.4,2109,OK,2024-02
2024-02-02,ICU,20,20,100.0,2,2,6.5,4310,CRITICAL,2024-02
2024-02-02,ER,40,39,97.9,5,6,0.1,812,CRITICAL,2024-02
2024-02-02,Med-Surg,80,74,92.3,12,11,3.5,1418,WARNING,2024-02
2024-02-02,Surgery,30,24,81.4,5,5,4.7,2461,OK,2024-02
2024-02-02,Peds,25,17,66.4,2,3,2.8,2360,OK,2024-02
2024-02-03,ICU,20,19,95.5,3,2,5.7,4251,CRITICAL,2024-02
2024-02-03,ER,40,36,89.9,5,4,0.8,885,OK,2024-02
2024-02-03,Med-Surg,80,63,78.4,9,10,4.0,2118,OK,2024-02
2024-02-03,Surgery,30,22,74.0,3,3,3.8,2354,OK,2024-02
2024-02-03,Peds,25,15,60.0,3,3,3.2,2403,OK,2024-02
2024-02-04,ICU,20,18,91.6,3,2,5.7,3848,WARNING,2024-02
2024-02-04,ER,40,35,86.9,4,5,0.6,561,OK,2024-02
2024-02-04,Med-Surg,80,64,80.0,9,7,3.6,1646,OK,2024-02
2024-02-04,Surgery,30,23,76.0,4,4,3.1,2739,OK,2024-02
2024-02-04,Peds,25,16,64.1,2,2,3.1,2229,OK,2024-02
2024-02-05,ICU,20,20,100.0,3,2,6.3,4439,CRITICAL,2024-02
2024-02-05,ER,40,39,97.7,6,4,0.1,964,CRITICAL,2024-02
2024-02-05,Med-Surg,80,76,94.5,12,8,3.9,1965,WARNING,2024-02
2024-02-05,Surgery,30,25,82.9,3,4,3.4,2859,OK,2024-02
2024-02-05,Peds,25,18,73.4,4,4,2.9,2253,OK,2024-02
2024-02-06,ICU,20,20,100.0,3,2,5.3,4183,CRITICAL,2024-02
2024-02-06,ER,40,40,100.0,6,5,0.2,405,CRITICAL,2024-02
2024-02-06,Med-Surg,80,73,90.6,11,10,4.4,2197,WARNING,2024-02
2024-02-06,Surgery,30,25,83.1,4,4,3.9,2334,OK,2024-02
2024-02-06,Peds,25,18,70.4,4,3,3.1,2187,OK,2024-02
2024-02-07,ICU,20,20,100.0,3,2,5.7,3979,CRITICAL,2024-02
2024-02-07,ER,40,40,100.0,5,4,0.7,512,CRITICAL,2024-02
2024-02-07,Med-Surg,80,74,92.4,11,11,5.0,1527,WARNING,2024-02
2024-02-07,Surgery,30,25,82.7,4,4,3.9,2429,OK,2024-02
2024-02-07,Peds,25,17,69.2,3,4,3.1,2284,OK,2024-02
2024-02-08,ICU,20,20,100.0,2,2,6.4,3992,CRITICAL,2024-02
2024-02-08,ER,40,40,100.0,4,5,1.3,920,CRITICAL,2024-02
2024-02-08,Med-Surg,80,74,92.5,9,8,4.5,2101,WARNING,2024-02
2024-02-08,Surgery,30,25,81.7,3,2,3.3,2477,OK,2024-02
2024-02-08,Peds,25,18,73.5,4,3,2.7,1983,OK,2024-02
2024-02-09,ICU,20,20,100.0,3,2,5.9,4028,CRITICAL,2024-02
2024-02-09,ER,40,39,98.4,6,5,0.5,1063,CRITICAL,2024-02
2024-02-09,Med-Surg,80,72,90.1,14,9,4.1,1744,WARNING,2024-02
2024-02-09,Surgery,30,25,83.1,4,4,3.4,2275,OK,2024-02
2024-02-09,Peds,25,19,75.4,3,3,2.1,2044,OK,2024-02
2024-02-10,ICU,20,19,92.7,3,1,6.3,3970,WARNING,2024-02
2024-02-10,ER,40,36,88.9,4,4,0.4,590,OK,2024-02
2024-02-10,Med-Surg,80,64,79.8,8,6,4.6,1541,OK,2024-02
2024-02-10,Surgery,30,22,72.5,4,3,3.4,2545,OK,2024-02
2024-02-10,Peds,25,16,63.8,3,3,2.0,2021,OK,2024-02
2024-02-11,ICU,20,19,93.2,2,2,5.5,4215,WARNING,2024-02
2024-02-11,ER,40,36,90.8,4,4,0.8,1042,WARNING,2024-02
2024-02-11,Med-Surg,80,62,77.3,9,9,4.0,1305,OK,2024-02
2024-02-11,Surgery,30,22,74.0,4,3,3.3,2397,OK,2024-02
2024-02-11,Peds,25,16,65.0,3,3,3.1,1968,OK,2024-02
2024-02-12,ICU,20,20,100.0,3,3,7.0,4424,CRITICAL,2024-02
2024-02-12,ER,40,38,95.8,6,6,0.8,674,CRITICAL,2024-02
2024-02-12,Med-Surg,80,80,100.0,9,8,4.2,2223,CRITICAL,2024-02
2024-02-12,Surgery,30,24,80.7,4,4,3.8,2433,OK,2024-02
2024-02-12,Peds,25,18,71.3,4,4,3.5,2161,OK,2024-02
2024-02-13,ICU,20,20,100.0,3,3,6.2,4200,CRITICAL,2024-02
2024-02-13,ER,40,40,100.0,7,4,0.5,662,CRITICAL,2024-02
2024-02-13,Med-Surg,80,73,91.1,12,11,4.0,1417,WARNING,2024-02
2024-02-13,Surgery,30,24,80.4,5,2,4.4,2604,OK,2024-02
2024-02-13,Peds,25,18,72.9,3,2,3.1,2355,OK,2024-02
2024-02-14,ICU,20,20,100.0,2,3,5.9,4036,CRITICAL,2024-02
2024-02-14,ER,40,40,100.0,5,4,0.1,502,CRITICAL,2024-02
2024-02-14,Med-Surg,80,74,92.4,13,10,3.3,1968,WARNING,2024-02
2024-02-14,Surgery,30,26,87.0,4,4,4.1,2824,OK,2024-02
2024-02-14,Peds,25,17,69.1,3,3,3.3,2101,OK,2024-02
2024-02-15,ICU,20,20,100.0,3,3,5.8,4210,CRITICAL,2024-02
2024-02-15,ER,40,38,96.0,6,5,0.3,793,CRITICAL,2024-02
2024-02-15,Med-Surg,80,74,92.1,13,11,4.0,1953,WARNING,2024-02
2024-02-15,Surgery,30,25,83.8,4,4,3.7,2601,OK,2024-02
2024-02-15,Peds,25,17,69.4,3,4,3.4,1948,OK,2024-02
2024-02-16,ICU,20,20,100.0,3,3,6.3,4438,CRITICAL,2024-02
2024-02-16,ER,40,40,100.0,5,6,0.6,824,CRITICAL,2024-02
2024-02-16,Med-Surg,80,74,92.9,11,10,3.8,1650,WARNING,2024-02
2024-02-16,Surgery,30,24,80.3,3,3,3.7,2521,OK,2024-02
2024-02-16,Peds,25,17,69.6,2,4,3.4,2189,OK,2024-02
2024-02-17,ICU,20,20,98.4,2,3,5.7,4248,CRITICAL,2024-02
2024-02-17,ER,40,34,84.7,5,5,0.4,943,OK,2024-02
2024-02-17,Med-Surg,80,65,81.2,9,8,4.5,1669,OK,2024-02
2024-02-17,Surgery,30,22,74.9,4,3,4.4,2912,OK,2024-02
2024-02-17,Peds,25,16,62.2,3,3,2.8,2136,OK,2024-02
2024-02-18,ICU,20,18,89.4,2,2,6.5,4413,OK,2024-02
2024-02-18,ER,40,34,86.0,4,6,0.4,840,OK,2024-02
2024-02-18,Med-Surg,80,65,80.8,9,11,3.8,1575,OK,2024-02
2024-02-18,Surgery,30,22,71.9,3,3,3.3,2623,OK,2024-02
2024-02-18,Peds,25,15,60.5,3,3,3.3,2057,OK,2024-02
2024-02-19,ICU,20,20,100.0,2,2,5.8,4339,CRITICAL,2024-02
2024-02-19,ER,40,40,100.0,6,4,0.3,824,CRITICAL,2024-02
2024-02-19,Med-Surg,80,74,92.2,10,10,3.5,1611,WARNING,2024-02
2024-02-19,Surgery,30,25,84.4,4,4,3.1,2853,OK,2024-02
2024-02-19,Peds,25,17,68.5,3,3,2.6,2129,OK,2024-02
2024-02-20,ICU,20,20,100.0,3,3,6.1,4171,CRITICAL,2024-02
2024-02-20,ER,40,40,100.0,6,4,0.5,733,CRITICAL,2024-02
2024-02-20,Med-Surg,80,73,91.6,9,9,5.0,1916,WARNING,2024-02
2024-02-20,Surgery,30,23,76.6,5,4,3.6,2643,OK,2024-02
2024-02-20,Peds,25,17,68.3,3,4,2.8,1726,OK,2024-02
2024-02-21,ICU,20,20,100.0,3,3,6.2,4116,CRITICAL,2024-02
2024-02-21,ER,40,40,100.0,6,4,1.1,839,CRITICAL,2024-02
2024-02-21,Med-Surg,80,74,92.0,11,8,3.8,1801,WARNING,2024-02
2024-02-21,Surgery,30,25,82.3,5,4,4.2,2502,OK,2024-02
2024-02-21,Peds,25,18,72.4,4,3,2.9,1909,OK,2024-02
2024-02-22,ICU,20,20,100.0,3,2,6.8,3950,CRITICAL,2024-02
2024-02-22,ER,40,40,98.8,6,5,0.5,850,CRITICAL,2024-02
2024-02-22,Med-Surg,80,74,92.5,9,10,4.9,1668,WARNING,2024-02
2024-02-22,Surgery,30,25,82.0,4,4,3.5,2597,OK,2024-02
2024-02-22,Peds,25,18,70.6,4,3,2.7,2055,OK,2024-02
2024-02-23,ICU,20,20,100.0,2,3,6.8,4002,CRITICAL,2024-02
2024-02-23,ER,40,39,98.6,5,7,0.3,1136,CRITICAL,2024-02
2024-02-23,Med-Surg,80,71,88.5,9,9,3.7,1746,OK,2024-02
2024-02-23,Surgery,30,24,81.0,4,4,4.4,2690,OK,2024-02
2024-02-23,Peds,25,18,71.3,3,3,2.4,2173,OK,2024-02
2024-02-24,ICU,20,18,89.8,2,3,7.2,4279,OK,2024-02
2024-02-24,ER,40,36,91.0,5,4,0.8,914,WARNING,2024-02
2024-02-24,Med-Surg,80,65,81.1,9,10,3.6,1645,OK,2024-02
2024-02-24,Surgery,30,21,70.7,4,3,3.5,2359,OK,2024-02
2024-02-24,Peds,25,15,61.2,2,3,3.5,2127,OK,2024-02
2024-02-25,ICU,20,19,97.4,3,2,6.2,4205,CRITICAL,2024-02
2024-02-25,ER,40,36,90.1,5,3,0.7,574,WARNING,2024-02
2024-02-25,Med-Surg,80,63,78.6,10,9,3.4,1833,OK,2024-02
2024-02-25,Surgery,30,22,75.0,3,4,3.0,2923,OK,2024-02
2024-02-25,Peds,25,15,61.0,3,2,2.9,2146,OK,2024-02
2024-02-26,ICU,20,20,100.0,3,2,6.8,4206,CRITICAL,2024-02
2024-02-26,ER,40,40,100.0,5,5,0.9,475,CRITICAL,2024-02
2024-02-26,Med-Surg,80,71,88.7,13,8,3.2,2174,OK,2024-02
2024-02-26,Surgery,30,24,79.3,4,4,2.4,2447,OK,2024-02
2024-02-26,Peds,25,18,71.1,4,4,2.7,2243,OK,2024-02
2024-02-27,ICU,20,20,100.0,2,2,5.5,4402,CRITICAL,2024-02
2024-02-27,ER,40,38,95.5,6,5,0.4,1073,CRITICAL,2024-02
2024-02-27,Med-Surg,80,73,90.8,12,10,4.0,2260,WARNING,2024-02
2024-02-27,Surgery,30,24,79.2,5,4,3.6,2826,OK,2024-02
2024-02-27,Peds,25,17,66.3,3,3,3.1,1877,OK,2024-02
2024-02-28,ICU,20,20,100.0,3,2,6.4,4146,CRITICAL,2024-02
2024-02-28,ER,40,39,96.8,8,5,0.6,632,CRITICAL,2024-02
2024-02-28,Med-Surg,80,71,88.5,12,11,4.3,1726,OK,2024-02
2024-02-28,Surgery,30,25,82.1,4,4,4.2,2567,OK,2024-02
2024-02-28,Peds,25,18,71.2,4,4,3.0,2172,OK,2024-02
2024-02-29,ICU,20,20,100.0,2,2,5.6,4237,CRITICAL,2024-02
2024-02-29,ER,40,38,94.5,6,5,1.1,666,WARNING,2024-02
2024-02-29,Med-Surg,80,73,91.4,13,12,3.8,1836,WARNING,2024-02
2024-02-29,Surgery,30,25,83.5,4,4,4.4,2122,OK,2024-02
2024-02-29,Peds,25,17,69.3,4,3,3.6,2340,OK,2024-02
2024-03-01,ICU,20,18,91.2,3,2,6.7,4562,WARNING,2024-03
2024-03-01,ER,40,36,90.2,5,4,0.3,862,WARNING,2024-03
2024-03-01,Med-Surg,80,62,77.3,8,7,3.9,1794,OK,2024-03
2024-03-01,Surgery,30,22,72.6,3,4,3.7,2342,OK,2024-03
2024-03-01,Peds,25,15,61.4,4,3,2.7,1795,OK,2024-03
2024-03-02,ICU,20,16,80.4,2,2,5.4,4030,OK,2024-03
2024-03-02,ER,40,32,79.9,5,3,0.8,564,OK,2024-03
2024-03-02,Med-Surg,80,59,73.4,9,9,3.2,1936,OK,2024-03
2024-03-02,Surgery,30,19,63.3,4,3,3.8,2380,OK,2024-03
2024-03-02,Peds,25,14,54.9,3,2,2.4,1805,OK,2024-03
2024-03-03,ICU,20,16,79.7,2,2,5.9,4361,OK,2024-03
2024-03-03,ER,40,30,74.6,4,4,0.9,485,OK,2024-03
2024-03-03,Med-Surg,80,55,68.6,6,7,4.7,1699,OK,2024-03
2024-03-03,Surgery,30,19,62.4,4,3,3.8,2637,OK,2024-03
2024-03-03,Peds,25,13,51.9,3,3,3.2,1683,OK,2024-03
2024-03-04,ICU,20,18,90.5,3,2,6.8,4318,WARNING,2024-03
2024-03-04,ER,40,34,85.2,5,4,0.4,689,OK,2024-03
2024-03-04,Med-Surg,80,66,82.8,13,7,3.1,1751,OK,2024-03
2024-03-04,Surgery,30,21,68.7,4,4,4.5,2540,OK,2024-03
2024-03-04,Peds,25,15,60.6,2,3,2.9,2228,OK,2024-03
2024-03-05,ICU,20,18,90.0,2,2,5.1,3978,WARNING,2024-03
2024-03-05,ER,40,33,82.9,5,4,0.2,603,OK,2024-03
2024-03-05,Med-Surg,80,58,72.2,12,7,3.9,1509,OK,2024-03
2024-03-05,Surgery,30,22,74.1,4,3,3.6,2836,OK,2024-03
2024-03-05,Peds,25,15,60.9,3,2,2.0,2068,OK,2024-03
2024-03-06,ICU,20,19,92.9,3,1,5.6,4084,WARNING,2024-03
2024-03-06,ER,40,35,87.0,5,4,0.7,619,OK,2024-03
2024-03-06,Med-Surg,80,66,82.2,10,8,4.9,2111,OK,2024-03
2024-03-06,Surgery,30,22,74.0,2,4,4.2,2901,OK,2024-03
2024-03-06,Peds,25,16,63.3,4,3,3.6,2499,OK,2024-03
2024-03-07,ICU,20,19,92.6,2,2,6.4,4215,WARNING,2024-03
2024-03-07,ER,40,33,83.7,4,4,0.9,1116,OK,2024-03
2024-03-07,Med-Surg,80,66,82.2,11,9,3.2,1709,OK,2024-03
2024-03-07,Surgery,30,21,71.4,3,3,4.0,2671,OK,2024-03
2024-03-07,Peds,25,15,60.5,2,3,2.9,2345,OK,2024-03
2024-03-08,ICU,20,18,90.4,3,2,6.2,4386,WARNING,2024-03
2024-03-08,ER,40,34,85.3,4,4,0.2,902,OK,2024-03
2024-03-08,Med-Surg,80,63,78.3,10,9,4.2,1708,OK,2024-03
2024-03-08,Surgery,30,21,71.3,4,3,3.8,2841,OK,2024-03
2024-03-08,Peds,25,15,59.2,3,2,3.1,1877,OK,2024-03
2024-03-09,ICU,20,16,80.3,2,2,5.9,4081,OK,2024-03
2024-03-09,ER,40,32,79.9,4,4,0.4,1129,OK,2024-03
2024-03-09,Med-Surg,80,56,69.9,8,7,3.8,1681,OK,2024-03
2024-03-09,Surgery,30,18,60.9,3,3,4.1,2424,OK,2024-03
2024-03-09,Peds,25,13,53.3,3,3,2.8,1974,OK,2024-03
2024-03-10,ICU,20,16,78.9,2,2,6.0,4037,OK,2024-03
2024-03-10,ER,40,30,74.8,4,3,1.0,693,OK,2024-03
2024-03-10,Med-Surg,80,56,70.1,7,8,3.9,1790,OK,2024-03
2024-03-10,Surgery,30,20,66.2,3,3,3.4,2619,OK,2024-03
2024-03-10,Peds,25,14,55.8,3,3,3.2,2384,OK,2024-03
2024-03-11,ICU,20,17,86.6,3,3,5.5,4023,OK,2024-03
2024-03-11,ER,40,34,84.8,4,4,0.6,973,OK,2024-03
2024-03-11,Med-Surg,80,66,82.6,8,8,4.8,1929,OK,2024-03
2024-03-11,Surgery,30,22,72.2,4,3,4.1,2433,OK,2024-03
2024-03-11,Peds,25,15,61.5,2,2,2.6,2025,OK,2024-03
2024-03-12,ICU,20,18,89.4,2,2,6.5,4183,OK,2024-03
2024-03-12,ER,40,33,82.5,4,5,0.2,661,OK,2024-03
2024-03-12,Med-Surg,80,64,79.8,10,7,4.4,1640,OK,2024-03
2024-03-12,Surgery,30,22,72.0,4,3,3.3,2443,OK,2024-03
2024-03-12,Peds,25,16,64.0,2,3,2.8,2107,OK,2024-03
2024-03-13,ICU,20,18,89.0,2,2,5.7,4158,OK,2024-03
2024-03-13,ER,40,34,85.9,6,4,0.6,850,OK,2024-03
2024-03-13,Med-Surg,80,62,77.4,11,8,2.9,1932,OK,2024-03
2024-03-13,Surgery,30,21,69.6,3,4,3.6,2684,OK,2024-03
2024-03-13,Peds,25,16,63.2,3,3,2.5,2547,OK,2024-03
2024-03-14,ICU,20,18,90.1,3,2,6.4,4066,WARNING,2024-03
2024-03-14,ER,40,35,86.6,3,5,0.7,827,OK,2024-03
2024-03-14,Med-Surg,80,58,72.9,8,8,4.2,1858,OK,2024-03
2024-03-14,Surgery,30,21,71.6,4,3,4.1,2595,OK,2024-03
2024-03-14,Peds,25,15,61.7,3,4,3.1,1906,OK,2024-03
2024-03-15,ICU,20,19,92.7,3,2,6.7,4276,WARNING,2024-03
2024-03-15,ER,40,32,80.9,5,4,0.8,989,OK,2024-03
2024-03-15,Med-Surg,80,64,80.5,12,9,4.4,1961,OK,2024-03
2024-03-15,Surgery,30,22,71.8,4,3,3.6,2238,OK,2024-03
2024-03-15,Peds,25,15,61.4,3,3,3.3,2043,OK,2024-03
2024-03-16,ICU,20,16,78.1,2,2,6.6,4417,OK,2024-03
2024-03-16,ER,40,30,76.1,4,3,0.5,784,OK,2024-03
2024-03-16,Med-Surg,80,57,70.8,8,8,3.7,1988,OK,2024-03
2024-03-16,Surgery,30,19,63.5,3,3,3.1,2762,OK,2024-03
2024-03-16,Peds,25,14,54.6,2,3,3.4,2125,OK,2024-03
2024-03-17,ICU,20,17,84.8,2,2,6.4,4249,OK,2024-03
2024-03-17,ER,40,30,75.2,5,3,1.0,624,OK,2024-03
2024-03-17,Med-Surg,80,55,68.3,8,8,4.2,1651,OK,2024-03
2024-03-17,Surgery,30,19,62.4,3,3,4.3,2499,OK,2024-03
2024-03-17,Peds,25,14,55.1,3,2,2.8,2534,OK,2024-03
2024-03-18,ICU,20,19,96.0,2,2,6.2,4365,CRITICAL,2024-03
2024-03-18,ER,40,34,85.1,4,4,0.2,963,OK,2024-03
2024-03-18,Med-Surg,80,62,77.2,9,6,4.6,2054,OK,2024-03
2024-03-18,Surgery,30,21,71.3,3,4,4.5,2582,OK,2024-03
2024-03-18,Peds,25,15,59.7,2,2,2.9,1969,OK,2024-03
2024-03-19,ICU,20,19,92.5,2,2,5.6,4512,WARNING,2024-03
2024-03-19,ER,40,36,89.3,6,5,0.3,1065,OK,2024-03
2024-03-19,Med-Surg,80,64,79.9,10,9,2.6,2121,OK,2024-03
2024-03-19,Surgery,30,22,73.1,4,3,3.9,2381,OK,2024-03
2024-03-19,Peds,25,16,62.1,2,3,3.2,2060,OK,2024-03
2024-03-20,ICU,20,19,93.0,2,2,6.3,4336,WARNING,2024-03
2024-03-20,ER,40,33,82.1,5,4,0.4,532,OK,2024-03
2024-03-20,Med-Surg,80,62,78.0,11,9,3.9,1777,OK,2024-03
2024-03-20,Surgery,30,22,73.1,4,3,4.3,2694,OK,2024-03
2024-03-20,Peds,25,15,61.8,3,3,3.1,2312,OK,2024-03
2024-03-21,ICU,20,19,94.5,2,2,5.8,4395,WARNING,2024-03
2024-03-21,ER,40,33,82.9,5,5,1.1,836,OK,2024-03
2024-03-21,Med-Surg,80,61,76.8,8,7,3.8,1763,OK,2024-03
2024-03-21,Surgery,30,21,69.5,4,3,4.5,2737,OK,2024-03
2024-03-21,Peds,25,16,62.6,3,3,2.3,2282,OK,2024-03
2024-03-22,ICU,20,18,91.8,2,2,5.0,3992,WARNING,2024-03
2024-03-22,ER,40,36,89.9,5,4,0.8,1161,OK,2024-03
2024-03-22,Med-Surg,80,67,83.2,8,6,5.3,2254,OK,2024-03
2024-03-22,Surgery,30,22,72.4,3,4,3.7,2477,OK,2024-03
2024-03-22,Peds,25,16,62.6,3,2,2.7,2232,OK,2024-03
2024-03-23,ICU,20,16,82.2,2,2,6.0,4236,OK,2024-03
2024-03-23,ER,40,28,68.8,4,4,0.3,707,OK,2024-03
2024-03-23,Med-Surg,80,55,68.2,10,8,4.5,1455,OK,2024-03
2024-03-23,Surgery,30,19,63.1,3,3,3.5,2431,OK,2024-03
2024-03-23,Peds,25,14,55.0,2,3,3.1,2092,OK,2024-03
2024-03-24,ICU,20,17,83.2,2,2,6.1,4473,OK,2024-03
2024-03-24,ER,40,31,76.5,5,4,0.7,1135,OK,2024-03
2024-03-24,Med-Surg,80,58,72.5,8,9,4.4,1901,OK,2024-03
2024-03-24,Surgery,30,20,65.5,4,3,4.1,2423,OK,2024-03
2024-03-24,Peds,25,13,52.2,3,2,2.1,2272,OK,2024-03
2024-03-25,ICU,20,17,84.4,3,3,6.1,4202,OK,2024-03
2024-03-25,ER,40,35,87.8,4,5,0.4,781,OK,2024-03
2024-03-25,Med-Surg,80,64,80.4,8,9,4.2,1826,OK,2024-03
2024-03-25,Surgery,30,21,71.5,4,3,3.9,2759,OK,2024-03
2024-03-25,Peds,25,15,60.9,3,3,3.5,2048,OK,2024-03
2024-03-26,ICU,20,19,95.5,2,2,6.5,4139,CRITICAL,2024-03
2024-03-26,ER,40,35,88.6,3,4,0.3,587,OK,2024-03
2024-03-26,Med-Surg,80,63,78.7,9,9,3.4,1863,OK,2024-03
2024-03-26,Surgery,30,22,75.0,4,4,4.3,2747,OK,2024-03
2024-03-26,Peds,25,16,64.4,3,2,3.3,2242,OK,2024-03
2024-03-27,ICU,20,19,94.1,3,2,6.4,4004,WARNING,2024-03
2024-03-27,ER,40,37,92.6,5,4,0.3,671,WARNING,2024-03
2024-03-27,Med-Surg,80,63,78.2,9,7,3.7,2190,OK,2024-03
2024-03-27,Surgery,30,22,73.6,4,4,4.7,2146,OK,2024-03
2024-03-27,Peds,25,15,58.7,3,3,2.7,2011,OK,2024-03
2024-03-28,ICU,20,19,92.6,2,2,5.1,4001,WARNING,2024-03
2024-03-28,ER,40,34,85.6,5,4,0.3,574,OK,2024-03
2024-03-28,Med-Surg,80,64,79.7,8,8,3.4,1769,OK,2024-03
2024-03-28,Surgery,30,21,70.1,4,4,3.8,2341,OK,2024-03
2024-03-28,Peds,25,15,61.7,3,3,3.7,2192,OK,2024-03
2024-03-29,ICU,20,19,94.5,2,2,5.8,4108,WARNING,2024-03
2024-03-29,ER,40,35,87.9,5,5,1.1,515,OK,2024-03
2024-03-29,Med-Surg,80,62,77.7,10,8,5.8,1903,OK,2024-03
2024-03-29,Surgery,30,22,71.8,3,3,3.8,2522,OK,2024-03
2024-03-29,Peds,25,15,60.2,3,3,3.6,2150,OK,2024-03
2024-03-30,ICU,20,16,77.7,2,2,6.9,4347,OK,2024-03
2024-03-30,ER,40,32,79.8,4,4,0.2,858,OK,2024-03
2024-03-30,Med-Surg,80,59,73.2,8,7,4.1,1755,OK,2024-03
2024-03-30,Surgery,30,19,64.6,3,4,3.2,2751,OK,2024-03
2024-03-30,Peds,25,13,52.4,2,3,2.8,1878,OK,2024-03
2024-03-31,ICU,20,15,76.9,2,2,6.5,4211,OK,2024-03
2024-03-31,ER,40,31,77.7,4,3,0.2,759,OK,2024-03
2024-03-31,Med-Surg,80,56,70.1,10,9,4.4,1744,OK,2024-03
2024-03-31,Surgery,30,18,60.7,3,3,2.6,2333,OK,2024-03
2024-03-31,Peds,25,13,52.6,3,2,2.9,2058,OK,2024-03
2024-04-01,ICU,20,18,91.6,2,2,5.7,4276,WARNING,2024-04
2024-04-01,ER,40,35,88.5,4,5,0.3,1106,OK,2024-04
2024-04-01,Med-Surg,80,63,78.5,7,9,4.2,1807,OK,2024-04
2024-04-01,Surgery,30,21,70.6,4,3,3.6,2668,OK,2024-04
2024-04-01,Peds,25,15,61.3,3,3,2.7,1869,OK,2024-04
2024-04-02,ICU,20,18,91.0,1,2,6.2,4313,WARNING,2024-04
2024-04-02,ER,40,35,86.3,5,3,0.5,464,OK,2024-04
2024-04-02,Med-Surg,80,62,77.1,9,10,4.3,1804,OK,2024-04
2024-04-02,Surgery,30,22,72.0,3,3,4.0,2223,OK,2024-04
2024-04-02,Peds,25,16,62.1,3,3,3.4,1765,OK,2024-04
2024-04-03,ICU,20,18,90.4,2,2,5.7,4688,WARNING,2024-04
2024-04-03,ER,40,35,88.6,6,5,0.1,724,OK,2024-04
2024-04-03,Med-Surg,80,65,81.4,10,8,3.3,2458,OK,2024-04
2024-04-03,Surgery,30,22,71.7,3,3,3.7,2525,OK,2024-04
2024-04-03,Peds,25,16,63.4,3,2,2.8,2007,OK,2024-04
2024-04-04,ICU,20,19,95.9,3,2,5.6,3955,CRITICAL,2024-04
2024-04-04,ER,40,35,87.0,5,4,0.3,681,OK,2024-04
2024-04-04,Med-Surg,80,64,79.9,6,7,3.8,2042,OK,2024-04
2024-04-04,Surgery,30,21,70.2,4,3,4.4,2753,OK,2024-04
2024-04-04,Peds,25,15,60.9,3,2,2.8,2013,OK,2024-04
2024-04-05,ICU,20,19,93.5,3,2,6.8,4573,WARNING,2024-04
2024-04-05,ER,40,35,87.3,6,4,1.1,1012,OK,2024-04
2024-04-05,Med-Surg,80,66,82.4,10,8,3.4,1792,OK,2024-04
2024-04-05,Surgery,30,23,75.3,3,4,4.2,2443,OK,2024-04
2024-04-05,Peds,25,16,63.4,2,2,2.4,1936,OK,2024-04
2024-04-06,ICU,20,16,81.8,2,2,6.5,4010,OK,2024-04
2024-04-06,ER,40,30,73.8,4,4,0.3,994,OK,2024-04
2024-04-06,Med-Surg,80,59,73.3,10,8,4.4,2074,OK,2024-04
2024-04-06,Surgery,30,19,62.1,4,3,4.3,2537,OK,2024-04
2024-04-06,Peds,25,14,55.8,3,2,3.6,1910,OK,2024-04
2024-04-07,ICU,20,17,84.0,2,2,6.8,4286,OK,2024-04
2024-04-07,ER,40,31,77.7,4,3,0.6,577,OK,2024-04
2024-04-07,Med-Surg,80,57,70.8,7,6,4.9,2014,OK,2024-04
2024-04-07,Surgery,30,19,63.4,3,3,4.1,2365,OK,2024-04
2024-04-07,Peds,25,14,55.3,3,2,2.9,1982,OK,2024-04
2024-04-08,ICU,20,19,92.9,2,2,6.8,4056,WARNING,2024-04
2024-04-08,ER,40,35,86.7,5,4,0.7,911,OK,2024-04
2024-04-08,Med-Surg,80,66,82.6,9,8,3.9,1606,OK,2024-04
2024-04-08,Surgery,30,22,73.2,3,4,4.4,2503,OK,2024-04
2024-04-08,Peds,25,16,62.6,2,4,2.6,2076,OK,2024-04
2024-04-09,ICU,20,17,86.9,3,2,6.3,4091,OK,2024-04
2024-04-09,ER,40,34,84.2,4,5,0.1,650,OK,2024-04
2024-04-09,Med-Surg,80,65,81.6,13,9,3.6,1727,OK,2024-04
2024-04-09,Surgery,30,22,72.1,3,4,3.9,2682,OK,2024-04
2024-04-09,Peds,25,15,60.4,4,3,2.4,2535,OK,2024-04
2024-04-10,ICU,20,17,87.0,2,2,7.5,4561,OK,2024-04
2024-04-10,ER,40,36,90.9,5,6,0.7,995,WARNING,2024-04
2024-04-10,Med-Surg,80,64,80.4,10,8,4.0,1922,OK,2024-04
2024-04-10,Surgery,30,22,72.8,4,4,2.3,2602,OK,2024-04
2024-04-10,Peds,25,16,62.3,4,3,3.0,2297,OK,2024-04
2024-04-11,ICU,20,19,96.1,2,2,7.0,3775,CRITICAL,2024-04
2024-04-11,ER,40,34,85.2,6,5,0.8,710,OK,2024-04
2024-04-11,Med-Surg,80,62,77.9,9,11,3.8,1820,OK,2024-04
2024-04-11,Surgery,30,21,70.4,4,3,3.8,2163,OK,2024-04
2024-04-11,Peds,25,15,58.0,3,2,4.0,1688,OK,2024-04
2024-04-12,ICU,20,18,89.8,2,2,5.6,4008,OK,2024-04
2024-04-12,ER,40,34,84.4,5,6,0.5,1037,OK,2024-04
2024-04-12,Med-Surg,80,65,81.2,11,5,3.9,2061,OK,2024-04
2024-04-12,Surgery,30,21,70.8,5,4,3.6,2399,OK,2024-04
2024-04-12,Peds,25,15,59.1,3,2,3.1,1809,OK,2024-04
2024-04-13,ICU,20,16,82.4,2,1,7.0,4303,OK,2024-04
2024-04-13,ER,40,31,78.3,4,4,1.1,780,OK,2024-04
2024-04-13,Med-Surg,80,60,74.6,9,9,4.2,1917,OK,2024-04
2024-04-13,Surgery,30,18,60.2,3,3,3.4,2849,OK,2024-04
2024-04-13,Peds,25,13,53.3,2,2,2.2,2387,OK,2024-04
2024-04-14,ICU,20,16,79.3,2,2,5.9,4306,OK,2024-04
2024-04-14,ER,40,30,74.2,6,4,0.4,645,OK,2024-04
2024-04-14,Med-Surg,80,56,70.2,8,10,3.5,1827,OK,2024-04
2024-04-14,Surgery,30,19,63.3,3,3,3.7,2675,OK,2024-04
2024-04-14,Peds,25,14,54.7,3,1,3.0,1769,OK,2024-04
2024-04-15,ICU,20,19,93.8,3,2,6.1,4080,WARNING,2024-04
2024-04-15,ER,40,36,90.2,5,6,0.7,848,WARNING,2024-04
2024-04-15,Med-Surg,80,64,80.2,11,7,4.1,1786,OK,2024-04
2024-04-15,Surgery,30,22,73.6,3,3,3.8,2283,OK,2024-04
2024-04-15,Peds,25,14,57.5,3,3,3.1,2361,OK,2024-04
2024-04-16,ICU,20,18,90.2,2,2,6.0,4032,WARNING,2024-04
2024-04-16,ER,40,35,86.8,4,3,0.3,573,OK,2024-04
2024-04-16,Med-Surg,80,64,80.6,9,10,4.9,1936,OK,2024-04
2024-04-16,Surgery,30,21,68.6,4,4,3.8,2765,OK,2024-04
2024-04-16,Peds,25,15,60.0,2,2,3.8,1802,OK,2024-04
2024-04-17,ICU,20,18,92.0,2,2,6.0,4214,WARNING,2024-04
2024-04-17,ER,40,34,85.5,4,5,1.0,974,OK,2024-04
2024-04-17,Med-Surg,80,62,78.1,8,8,4.9,1929,OK,2024-04
2024-04-17,Surgery,30,22,73.5,4,4,3.9,2632,OK,2024-04
2024-04-17,Peds,25,15,60.0,2,3,3.5,1876,OK,2024-04
2024-04-18,ICU,20,19,94.3,3,2,5.8,4225,WARNING,2024-04
2024-04-18,ER,40,34,85.6,4,5,0.3,511,OK,2024-04
2024-04-18,Med-Surg,80,64,80.0,10,9,5.0,1821,OK,2024-04
2024-04-18,Surgery,30,22,73.3,3,4,3.5,2514,OK,2024-04
2024-04-18,Peds,25,15,60.8,3,2,1.8,2057,OK,2024-04
2024-04-19,ICU,20,19,93.3,2,3,6.4,4087,WARNING,2024-04
2024-04-19,ER,40,32,80.9,5,5,0.3,806,OK,2024-04
2024-04-19,Med-Surg,80,65,81.0,8,10,4.9,1765,OK,2024-04
2024-04-19,Surgery,30,21,69.6,4,2,4.0,2590,OK,2024-04
2024-04-19,Peds,25,16,64.1,3,3,2.5,2029,OK,2024-04
2024-04-20,ICU,20,15,77.3,2,2,6.3,4075,OK,2024-04
2024-04-20,ER,40,31,76.8,4,4,0.5,808,OK,2024-04
2024-04-20,Med-Surg,80,58,72.0,8,7,4.0,1657,OK,2024-04
2024-04-20,Surgery,30,19,62.7,4,3,3.7,2423,OK,2024-04
2024-04-20,Peds,25,13,53.3,3,3,2.0,2307,OK,2024-04
2024-04-21,ICU,20,16,82.5,2,1,5.7,4151,OK,2024-04
2024-04-21,ER,40,33,82.5,5,3,0.2,789,OK,2024-04
2024-04-21,Med-Surg,80,57,70.9,7,8,3.7,1579,OK,2024-04
2024-04-21,Surgery,30,19,63.9,4,3,4.1,2401,OK,2024-04
2024-04-21,Peds,25,14,54.8,3,2,2.6,2001,OK,2024-04
2024-04-22,ICU,20,18,92.2,3,2,5.9,4034,WARNING,2024-04
2024-04-22,ER,40,34,85.7,6,4,1.0,725,OK,2024-04
2024-04-22,Med-Surg,80,65,80.6,11,8,3.8,2132,OK,2024-04
2024-04-22,Surgery,30,22,74.1,4,4,4.0,2904,OK,2024-04
2024-04-22,Peds,25,15,61.1,3,2,2.5,1860,OK,2024-04
2024-04-23,ICU,20,19,95.5,1,2,4.7,4034,CRITICAL,2024-04
2024-04-23,ER,40,34,85.7,6,5,0.1,1013,OK,2024-04
2024-04-23,Med-Surg,80,64,80.0,10,7,3.6,1635,OK,2024-04
2024-04-23,Surgery,30,22,72.1,4,4,4.0,1958,OK,2024-04
2024-04-23,Peds,25,15,61.5,2,2,2.5,1967,OK,2024-04
2024-04-24,ICU,20,18,88.2,2,2,6.4,4647,OK,2024-04
2024-04-24,ER,40,33,83.5,5,3,0.3,929,OK,2024-04
2024-04-24,Med-Surg,80,65,81.7,10,10,5.4,2142,OK,2024-04
2024-04-24,Surgery,30,21,70.9,3,3,3.3,2590,OK,2024-04
2024-04-24,Peds,25,15,58.8,3,3,2.8,1911,OK,2024-04
2024-04-25,ICU,20,19,95.2,2,2,6.2,4203,CRITICAL,2024-04
2024-04-25,ER,40,35,87.5,5,4,0.3,718,OK,2024-04
2024-04-25,Med-Surg,80,63,78.5,11,8,4.5,1804,OK,2024-04
2024-04-25,Surgery,30,21,70.9,4,3,4.1,2543,OK,2024-04
2024-04-25,Peds,25,15,59.9,3,3,3.5,2293,OK,2024-04
2024-04-26,ICU,20,19,93.4,2,3,5.5,4390,WARNING,2024-04
2024-04-26,ER,40,35,88.1,4,4,0.5,1061,OK,2024-04
2024-04-26,Med-Surg,80,63,78.3,9,6,5.0,1586,OK,2024-04
2024-04-26,Surgery,30,22,72.7,4,3,4.2,2834,OK,2024-04
2024-04-26,Peds,25,15,61.5,3,3,3.4,2007,OK,2024-04
2024-04-27,ICU,20,17,83.6,2,2,5.9,4166,OK,2024-04
2024-04-27,ER,40,31,77.1,3,5,0.5,857,OK,2024-04
2024-04-27,Med-Surg,80,55,69.2,7,7,4.2,1935,OK,2024-04
2024-04-27,Surgery,30,19,63.7,3,3,4.0,2797,OK,2024-04
2024-04-27,Peds,25,14,54.8,3,3,2.1,1891,OK,2024-04
2024-04-28,ICU,20,16,82.1,2,2,7.0,4345,OK,2024-04
2024-04-28,ER,40,32,79.5,4,3,0.5,639,OK,2024-04
2024-04-28,Med-Surg,80,59,73.7,9,8,4.7,1396,OK,2024-04
2024-04-28,Surgery,30,19,64.5,3,3,3.6,2632,OK,2024-04
2024-04-28,Peds,25,14,54.0,3,2,3.3,2132,OK,2024-04
2024-04-29,ICU,20,17,87.5,2,2,6.8,4293,OK,2024-04
2024-04-29,ER,40,34,84.0,5,6,0.6,735,OK,2024-04
2024-04-29,Med-Surg,80,65,81.2,11,8,4.4,1734,OK,2024-04
2024-04-29,Surgery,30,22,73.6,4,4,3.4,2336,OK,2024-04
2024-04-29,Peds,25,16,62.7,3,3,2.7,2280,OK,2024-04
2024-04-30,ICU,20,18,90.3,2,2,6.8,4095,WARNING,2024-04
2024-04-30,ER,40,37,92.1,5,4,0.7,723,WARNING,2024-04
2024-04-30,Med-Surg,80,65,81.0,10,9,3.6,1998,OK,2024-04
2024-04-30,Surgery,30,21,69.5,3,3,4.6,2429,OK,2024-04
2024-04-30,Peds,25,16,62.3,3,3,2.7,1882,OK,2024-04
2024-05-01,ICU,20,17,85.9,2,3,5.6,4340,OK,2024-05
2024-05-01,ER,40,34,84.5,5,5,0.2,834,OK,2024-05
2024-05-01,Med-Surg,80,63,79.0,11,9,4.1,2112,OK,2024-05
2024-05-01,Surgery,30,22,73.4,3,3,3.8,2516,OK,2024-05
2024-05-01,Peds,25,16,65.6,3,2,2.6,1714,OK,2024-05
2024-05-02,ICU,20,18,91.1,2,2,5.4,4277,WARNING,2024-05
2024-05-02,ER,40,35,87.0,5,4,0.2,903,OK,2024-05
2024-05-02,Med-Surg,80,68,84.6,10,8,3.4,1618,OK,2024-05
2024-05-02,Surgery,30,22,73.0,4,3,4.2,2642,OK,2024-05
2024-05-02,Peds,25,15,61.9,3,3,2.5,2103,OK,2024-05
2024-05-03,ICU,20,19,92.9,3,2,6.4,4496,WARNING,2024-05
2024-05-03,ER,40,36,89.0,5,5,1.1,583,OK,2024-05
2024-05-03,Med-Surg,80,61,76.7,10,6,4.7,2044,OK,2024-05
2024-05-03,Surgery,30,21,71.1,3,3,3.8,2525,OK,2024-05
2024-05-03,Peds,25,16,62.0,3,3,3.1,1979,OK,2024-05
2024-05-04,ICU,20,17,84.2,2,2,6.7,4055,OK,2024-05
2024-05-04,ER,40,31,77.3,5,3,0.5,769,OK,2024-05
2024-05-04,Med-Surg,80,55,69.2,11,7,4.6,1721,OK,2024-05
2024-05-04,Surgery,30,18,61.3,3,3,4.3,2812,OK,2024-05
2024-05-04,Peds,25,15,58.4,3,2,3.1,2047,OK,2024-05
2024-05-05,ICU,20,17,83.2,2,3,6.6,3863,OK,2024-05
2024-05-05,ER,40,30,74.9,5,5,0.1,943,OK,2024-05
2024-05-05,Med-Surg,80,53,66.3,8,9,3.8,1499,OK,2024-05
2024-05-05,Surgery,30,19,63.6,3,3,3.4,2345,OK,2024-05
2024-05-05,Peds,25,13,50.4,3,2,2.3,2139,OK,2024-05
2024-05-06,ICU,20,19,94.8,2,2,6.3,3959,WARNING,2024-05
2024-05-06,ER,40,37,92.4,4,5,0.9,772,WARNING,2024-05
2024-05-06,Med-Surg,80,65,81.5,10,7,3.9,1677,OK,2024-05
2024-05-06,Surgery,30,21,71.0,3,4,4.6,2696,OK,2024-05
2024-05-06,Peds,25,16,63.3,3,2,2.5,2229,OK,2024-05
2024-05-07,ICU,20,19,92.6,2,3,6.4,4032,WARNING,2024-05
2024-05-07,ER,40,34,85.2,5,5,0.8,1179,OK,2024-05
2024-05-07,Med-Surg,80,67,83.9,10,8,3.4,1723,OK,2024-05
2024-05-07,Surgery,30,22,73.6,5,4,4.4,2451,OK,2024-05
2024-05-07,Peds,25,16,62.1,3,2,2.7,2290,OK,2024-05
2024-05-08,ICU,20,19,92.8,2,1,6.0,4186,WARNING,2024-05
2024-05-08,ER,40,34,84.7,5,5,0.8,329,OK,2024-05
2024-05-08,Med-Surg,80,61,76.8,9,10,4.3,1894,OK,2024-05
2024-05-08,Surgery,30,21,71.2,3,3,4.2,2316,OK,2024-05
2024-05-08,Peds,25,16,62.6,3,3,2.6,1829,OK,2024-05
2024-05-09,ICU,20,18,90.2,2,1,6.1,4385,WARNING,2024-05
2024-05-09,ER,40,35,88.5,4,4,0.2,830,OK,2024-05
2024-05-09,Med-Surg,80,67,83.7,11,9,3.9,1950,OK,2024-05
2024-05-09,Surgery,30,21,68.4,3,4,4.2,2634,OK,2024-05
2024-05-09,Peds,25,15,61.5,3,3,2.4,1931,OK,2024-05
2024-05-10,ICU,20,18,92.2,2,2,6.4,4355,WARNING,2024-05
2024-05-10,ER,40,35,86.8,7,4,0.3,721,OK,2024-05
2024-05-10,Med-Surg,80,64,79.8,9,7,3.8,1780,OK,2024-05
2024-05-10,Surgery,30,22,74.7,5,4,3.4,2361,OK,2024-05
2024-05-10,Peds,25,15,60.7,4,3,2.2,2000,OK,2024-05
2024-05-11,ICU,20,17,82.8,2,2,6.5,3745,OK,2024-05
2024-05-11,ER,40,31,76.8,5,3,0.1,427,OK,2024-05
2024-05-11,Med-Surg,80,59,73.8,8,8,4.4,2102,OK,2024-05
2024-05-11,Surgery,30,19,63.1,3,3,4.4,2466,OK,2024-05
2024-05-11,Peds,25,13,52.1,2,2,3.3,2036,OK,2024-05
2024-05-12,ICU,20,16,79.5,2,2,6.1,4145,OK,2024-05
2024-05-12,ER,40,32,79.7,5,3,0.7,645,OK,2024-05
2024-05-12,Med-Surg,80,56,69.9,9,7,4.2,1935,OK,2024-05
2024-05-12,Surgery,30,19,63.9,3,3,3.1,2329,OK,2024-05
2024-05-12,Peds,25,14,56.8,2,2,3.1,2078,OK,2024-05
2024-05-13,ICU,20,18,91.5,3,2,5.9,4115,WARNING,2024-05
2024-05-13,ER,40,34,85.7,5,4,0.4,790,OK,2024-05
2024-05-13,Med-Surg,80,61,76.3,13,8,4.0,1852,OK,2024-05
2024-05-13,Surgery,30,21,71.4,3,4,4.6,2654,OK,2024-05
2024-05-13,Peds,25,16,63.7,3,3,3.0,2170,OK,2024-05
2024-05-14,ICU,20,19,95.8,2,2,6.5,3844,CRITICAL,2024-05
2024-05-14,ER,40,35,86.4,5,4,1.0,588,OK,2024-05
2024-05-14,Med-Surg,80,64,79.7,10,11,4.1,1987,OK,2024-05
2024-05-14,Surgery,30,22,73.5,4,3,3.1,2521,OK,2024-05
2024-05-14,Peds,25,15,60.0,3,3,2.8,1868,OK,2024-05
2024-05-15,ICU,20,19,93.4,2,2,5.7,4172,WARNING,2024-05
2024-05-15,ER,40,36,90.1,5,4,0.3,910,WARNING,2024-05
2024-05-15,Med-Surg,80,63,78.1,10,8,4.5,1769,OK,2024-05
2024-05-15,Surgery,30,22,71.9,4,4,4.2,2482,OK,2024-05
2024-05-15,Peds,25,15,61.0,3,2,2.6,1946,OK,2024-05
2024-05-16,ICU,20,19,93.8,2,3,6.6,4204,WARNING,2024-05
2024-05-16,ER,40,35,87.0,4,5,1.0,659,OK,2024-05
2024-05-16,Med-Surg,80,61,76.3,11,9,3.5,1653,OK,2024-05
2024-05-16,Surgery,30,21,70.1,3,3,3.7,2370,OK,2024-05
2024-05-16,Peds,25,15,59.6,3,3,2.7,2332,OK,2024-05
2024-05-17,ICU,20,19,93.4,2,2,6.5,4113,WARNING,2024-05
2024-05-17,ER,40,33,83.1,5,4,0.1,510,OK,2024-05
2024-05-17,Med-Surg,80,64,79.8,9,8,4.1,1579,OK,2024-05
2024-05-17,Surgery,30,21,71.1,4,3,3.0,2405,OK,2024-05
2024-05-17,Peds,25,15,59.0,3,3,2.1,2252,OK,2024-05
2024-05-18,ICU,20,16,78.3,3,2,5.6,3972,OK,2024-05
2024-05-18,ER,40,31,77.4,4,4,1.3,660,OK,2024-05
2024-05-18,Med-Surg,80,56,70.5,10,8,3.3,1901,OK,2024-05
2024-05-18,Surgery,30,18,61.1,4,3,5.3,2793,OK,2024-05
2024-05-18,Peds,25,13,52.4,3,3,3.3,2188,OK,2024-05
2024-05-19,ICU,20,17,84.0,2,2,6.0,4372,OK,2024-05
2024-05-19,ER,40,31,77.4,4,4,0.5,862,OK,2024-05
2024-05-19,Med-Surg,80,57,70.9,11,6,4.9,1815,OK,2024-05
2024-05-19,Surgery,30,19,64.3,4,3,4.0,2548,OK,2024-05
2024-05-19,Peds,25,13,52.9,3,2,2.9,1633,OK,2024-05
2024-05-20,ICU,20,19,93.2,2,2,6.3,3913,WARNING,2024-05
2024-05-20,ER,40,37,92.0,5,4,0.0,805,WARNING,2024-05
2024-05-20,Med-Surg,80,67,83.3,11,10,4.4,1728,OK,2024-05
2024-05-20,Surgery,30,21,68.9,3,3,4.3,2562,OK,2024-05
2024-05-20,Peds,25,16,64.0,4,3,2.0,2377,OK,2024-05
2024-05-21,ICU,20,19,95.8,2,3,6.4,4232,CRITICAL,2024-05
2024-05-21,ER,40,36,91.2,6,5,0.7,923,WARNING,2024-05
2024-05-21,Med-Surg,80,63,79.0,10,8,3.9,1727,OK,2024-05
2024-05-21,Surgery,30,21,70.6,4,3,4.1,2176,OK,2024-05
2024-05-21,Peds,25,15,60.8,3,3,2.8,1783,OK,2024-05
2024-05-22,ICU,20,19,93.0,3,2,6.7,4240,WARNING,2024-05
2024-05-22,ER,40,35,88.2,5,5,0.3,621,OK,2024-05
2024-05-22,Med-Surg,80,67,83.8,6,9,4.7,1781,OK,2024-05
2024-05-22,Surgery,30,21,71.1,4,3,3.8,2363,OK,2024-05
2024-05-22,Peds,25,16,63.0,4,3,2.2,1995,OK,2024-05
2024-05-23,ICU,20,18,91.5,3,2,5.8,4302,WARNING,2024-05
2024-05-23,ER,40,36,89.5,4,4,2.1,957,OK,2024-05
2024-05-23,Med-Surg,80,63,79.4,11,9,4.5,1832,OK,2024-05
2024-05-23,Surgery,30,22,72.2,4,3,4.8,2312,OK,2024-05
2024-05-23,Peds,25,15,58.5,3,2,2.9,2238,OK,2024-05
2024-05-24,ICU,20,19,94.7,3,2,6.2,4282,WARNING,2024-05
2024-05-24,ER,40,33,82.4,5,3,1.5,719,OK,2024-05
2024-05-24,Med-Surg,80,64,79.6,8,8,5.2,1988,OK,2024-05
2024-05-24,Surgery,30,21,68.7,4,4,3.7,2561,OK,2024-05
2024-05-24,Peds,25,15,61.0,4,2,3.0,2014,OK,2024-05
2024-05-25,ICU,20,15,77.5,3,2,6.3,3852,OK,2024-05
2024-05-25,ER,40,30,75.6,4,3,0.8,746,OK,2024-05
2024-05-25,Med-Surg,80,58,72.9,10,7,4.1,1837,OK,2024-05
2024-05-25,Surgery,30,19,64.5,3,3,3.7,2523,OK,2024-05
2024-05-25,Peds,25,14,55.8,3,3,3.3,2069,OK,2024-05
2024-05-26,ICU,20,16,81.7,2,2,4.8,4183,OK,2024-05
2024-05-26,ER,40,32,79.2,3,4,0.2,726,OK,2024-05
2024-05-26,Med-Surg,80,58,72.4,9,5,3.6,1995,OK,2024-05
2024-05-26,Surgery,30,19,64.2,4,4,3.6,3001,OK,2024-05
2024-05-26,Peds,25,13,53.7,2,2,1.8,2421,OK,2024-05
2024-05-27,ICU,20,19,96.4,2,2,6.2,4008,CRITICAL,2024-05
2024-05-27,ER,40,33,82.4,5,4,0.3,845,OK,2024-05
2024-05-27,Med-Surg,80,67,83.4,9,9,4.5,1911,OK,2024-05
2024-05-27,Surgery,30,21,70.7,4,4,3.2,2753,OK,2024-05
2024-05-27,Peds,25,16,63.6,3,3,3.2,1991,OK,2024-05
2024-05-28,ICU,20,19,93.3,2,2,6.4,3980,WARNING,2024-05
2024-05-28,ER,40,36,89.5,4,4,1.2,899,OK,2024-05
2024-05-28,Med-Surg,80,62,77.4,8,8,4.3,1872,OK,2024-05
2024-05-28,Surgery,30,21,70.2,3,3,3.7,2931,OK,2024-05
2024-05-28,Peds,25,15,61.1,4,2,2.1,1876,OK,2024-05
2024-05-29,ICU,20,19,95.3,3,2,6.0,3966,CRITICAL,2024-05
2024-05-29,ER,40,33,82.3,5,5,0.5,520,OK,2024-05
2024-05-29,Med-Surg,80,67,83.9,9,10,3.4,1762,OK,2024-05
2024-05-29,Surgery,30,22,72.6,4,3,4.0,2274,OK,2024-05
2024-05-29,Peds,25,15,61.4,3,3,2.9,1845,OK,2024-05
2024-05-30,ICU,20,18,88.4,2,2,6.6,4369,OK,2024-05
2024-05-30,ER,40,35,87.8,3,4,0.6,827,OK,2024-05
2024-05-30,Med-Surg,80,64,79.5,10,9,4.2,1672,OK,2024-05
2024-05-30,Surgery,30,22,74.1,3,3,3.4,2430,OK,2024-05
2024-05-30,Peds,25,16,62.8,3,3,2.3,2257,OK,2024-05
2024-05-31,ICU,20,18,90.2,2,3,6.5,3874,WARNING,2024-05
2024-05-31,ER,40,33,82.4,5,4,0.8,808,OK,2024-05
2024-05-31,Med-Surg,80,64,80.4,9,11,5.5,1744,OK,2024-05
2024-05-31,Surgery,30,22,72.8,4,3,3.4,2283,OK,2024-05
2024-05-31,Peds,25,15,58.9,3,3,1.6,2189,OK,2024-05
2024-06-01,ICU,20,15,74.4,2,2,5.5,3754,OK,2024-06
2024-06-01,ER,40,28,68.9,4,4,0.5,1027,OK,2024-06
2024-06-01,Med-Surg,80,50,62.2,9,8,3.1,2065,OK,2024-06
2024-06-01,Surgery,30,18,58.5,3,2,4.4,2263,OK,2024-06
2024-06-01,Peds,25,13,50.6,3,2,3.9,2146,OK,2024-06
2024-06-02,ICU,20,15,75.9,1,2,5.6,4405,OK,2024-06
2024-06-02,ER,40,27,68.3,4,4,1.0,546,OK,2024-06
2024-06-02,Med-Surg,80,54,66.9,9,6,4.9,1509,OK,2024-06
2024-06-02,Surgery,30,17,57.2,3,2,3.9,2548,OK,2024-06
2024-06-02,Peds,25,12,49.1,3,2,3.0,2329,OK,2024-06
2024-06-03,ICU,20,17,86.6,2,2,6.5,4024,OK,2024-06
2024-06-03,ER,40,31,77.0,4,3,0.9,963,OK,2024-06
2024-06-03,Med-Surg,80,56,69.4,8,6,3.9,1891,OK,2024-06
2024-06-03,Surgery,30,20,65.8,3,4,2.6,2747,OK,2024-06
2024-06-03,Peds,25,14,55.2,3,2,3.7,1854,OK,2024-06
2024-06-04,ICU,20,17,84.7,2,2,5.7,4170,OK,2024-06
2024-06-04,ER,40,31,77.9,4,4,0.8,731,OK,2024-06
2024-06-04,Med-Surg,80,61,76.0,8,7,5.1,1668,OK,2024-06
2024-06-04,Surgery,30,19,63.6,2,4,3.6,2449,OK,2024-06
2024-06-04,Peds,25,14,55.9,3,2,4.1,2127,OK,2024-06
2024-06-05,ICU,20,17,87.3,2,2,5.9,4266,OK,2024-06
2024-06-05,ER,40,33,81.3,4,4,1.1,1214,OK,2024-06
2024-06-05,Med-Surg,80,60,75.5,11,7,4.5,2068,OK,2024-06
2024-06-05,Surgery,30,19,64.5,3,4,3.3,2232,OK,2024-06
2024-06-05,Peds,25,15,58.7,3,3,2.9,2012,OK,2024-06
2024-06-06,ICU,20,17,85.4,3,2,7.3,4020,OK,2024-06
2024-06-06,ER,40,32,80.0,4,3,0.4,883,OK,2024-06
2024-06-06,Med-Surg,80,60,74.8,12,9,4.7,1813,OK,2024-06
2024-06-06,Surgery,30,21,69.6,5,3,3.3,2390,OK,2024-06
2024-06-06,Peds,25,14,56.6,3,3,3.1,2101,OK,2024-06
2024-06-07,ICU,20,17,83.0,2,3,6.7,4307,OK,2024-06
2024-06-07,ER,40,33,82.5,4,4,0.1,775,OK,2024-06
2024-06-07,Med-Surg,80,58,72.7,10,8,3.7,2189,OK,2024-06
2024-06-07,Surgery,30,20,65.3,3,3,3.2,2747,OK,2024-06
2024-06-07,Peds,25,14,57.2,3,2,2.9,2108,OK,2024-06
2024-06-08,ICU,20,15,75.1,2,2,5.5,4272,OK,2024-06
2024-06-08,ER,40,26,65.9,3,4,0.2,602,OK,2024-06
2024-06-08,Med-Surg,80,54,67.2,8,8,4.0,2336,OK,2024-06
2024-06-08,Surgery,30,17,57.2,4,3,3.0,2597,OK,2024-06
2024-06-08,Peds,25,12,49.9,2,2,2.9,2170,OK,2024-06
2024-06-09,ICU,20,14,69.0,2,2,5.5,4388,OK,2024-06
2024-06-09,ER,40,28,70.4,5,4,0.5,769,OK,2024-06
2024-06-09,Med-Surg,80,53,65.7,7,6,4.4,1771,OK,2024-06
2024-06-09,Surgery,30,18,58.3,3,3,3.8,2380,OK,2024-06
2024-06-09,Peds,25,13,50.0,3,3,2.6,2008,OK,2024-06
2024-06-10,ICU,20,17,86.7,2,2,6.9,3860,OK,2024-06
2024-06-10,ER,40,33,81.9,4,5,0.3,1030,OK,2024-06
2024-06-10,Med-Surg,80,59,73.4,8,8,4.4,1619,OK,2024-06
2024-06-10,Surgery,30,19,64.6,4,2,3.5,3108,OK,2024-06
2024-06-10,Peds,25,14,54.5,3,2,3.2,2231,OK,2024-06
2024-06-11,ICU,20,18,87.5,2,3,5.9,4247,OK,2024-06
2024-06-11,ER,40,32,80.6,4,4,0.6,714,OK,2024-06
2024-06-11,Med-Surg,80,63,79.0,8,10,4.5,1797,OK,2024-06
2024-06-11,Surgery,30,19,64.5,3,3,2.9,2299,OK,2024-06
2024-06-11,Peds,25,13,53.6,3,3,3.3,2218,OK,2024-06
2024-06-12,ICU,20,17,85.1,3,2,6.3,4349,OK,2024-06
2024-06-12,ER,40,31,76.9,6,4,0.6,1051,OK,2024-06
2024-06-12,Med-Surg,80,60,75.6,9,8,3.3,1689,OK,2024-06
2024-06-12,Surgery,30,20,67.3,4,4,3.7,2223,OK,2024-06
2024-06-12,Peds,25,14,57.9,3,3,2.8,2309,OK,2024-06
2024-06-13,ICU,20,19,93.3,2,2,5.9,4325,WARNING,2024-06
2024-06-13,ER,40,30,76.2,5,4,1.3,1062,OK,2024-06
2024-06-13,Med-Surg,80,60,75.5,6,9,4.5,1851,OK,2024-06
2024-06-13,Surgery,30,19,62.8,3,3,2.8,2499,OK,2024-06
2024-06-13,Peds,25,14,54.8,4,2,3.5,1786,OK,2024-06
2024-06-14,ICU,20,17,83.3,2,2,6.0,4156,OK,2024-06
2024-06-14,ER,40,32,79.5,6,4,0.7,908,OK,2024-06
2024-06-14,Med-Surg,80,60,75.0,9,8,4.2,2031,OK,2024-06
2024-06-14,Surgery,30,21,68.5,3,3,3.7,2507,OK,2024-06
2024-06-14,Peds,25,14,55.3,3,3,2.9,2127,OK,2024-06
2024-06-15,ICU,20,14,71.2,2,2,5.8,4204,OK,2024-06
2024-06-15,ER,40,28,69.5,4,4,0.0,720,OK,2024-06
2024-06-15,Med-Surg,80,52,64.9,9,7,3.8,1880,OK,2024-06
2024-06-15,Surgery,30,18,61.3,3,3,4.2,2788,OK,2024-06
2024-06-15,Peds,25,13,51.0,3,3,2.4,1800,OK,2024-06
2024-06-16,ICU,20,15,74.8,2,2,6.6,3827,OK,2024-06
2024-06-16,ER,40,28,69.3,4,3,1.2,528,OK,2024-06
2024-06-16,Med-Surg,80,51,63.6,9,8,3.5,1936,OK,2024-06
2024-06-16,Surgery,30,18,58.8,4,3,3.7,2329,OK,2024-06
2024-06-16,Peds,25,12,48.3,2,3,2.9,2213,OK,2024-06
2024-06-17,ICU,20,18,88.5,1,2,6.2,4287,OK,2024-06
2024-06-17,ER,40,31,78.1,4,4,1.7,1001,OK,2024-06
2024-06-17,Med-Surg,80,61,76.4,9,7,3.7,1702,OK,2024-06
2024-06-17,Surgery,30,19,62.2,3,3,3.7,2526,OK,2024-06
2024-06-17,Peds,25,14,56.7,3,2,1.9,1985,OK,2024-06
2024-06-18,ICU,20,16,82.2,2,2,6.7,4351,OK,2024-06
2024-06-18,ER,40,32,79.7,4,4,0.3,998,OK,2024-06
2024-06-18,Med-Surg,80,59,73.2,7,7,3.7,1809,OK,2024-06
2024-06-18,Surgery,30,21,68.4,3,2,3.7,2469,OK,2024-06
2024-06-18,Peds,25,14,55.7,3,3,2.9,2095,OK,2024-06
2024-06-19,ICU,20,17,85.7,2,2,6.9,4312,OK,2024-06
2024-06-19,ER,40,33,82.0,5,4,1.0,484,OK,2024-06
2024-06-19,Med-Surg,80,59,74.1,9,10,4.6,1674,OK,2024-06
2024-06-19,Surgery,30,20,67.0,3,3,3.3,2572,OK,2024-06
2024-06-19,Peds,25,14,55.7,3,2,2.6,2335,OK,2024-06
2024-06-20,ICU,20,16,82.0,2,2,5.8,4023,OK,2024-06
2024-06-20,ER,40,32,80.3,3,3,1.5,892,OK,2024-06
2024-06-20,Med-Surg,80,58,72.0,9,9,4.6,1775,OK,2024-06
2024-06-20,Surgery,30,20,68.2,2,3,3.9,2566,OK,2024-06
2024-06-20,Peds,25,14,54.6,3,2,2.8,2305,OK,2024-06
2024-06-21,ICU,20,17,86.9,2,2,6.0,4195,OK,2024-06
2024-06-21,ER,40,31,78.5,5,4,0.7,547,OK,2024-06
2024-06-21,Med-Surg,80,61,76.2,5,9,4.6,1714,OK,2024-06
2024-06-21,Surgery,30,21,68.8,3,3,4.0,3137,OK,2024-06
2024-06-21,Peds,25,15,58.4,3,2,3.0,1937,OK,2024-06
2024-06-22,ICU,20,15,76.3,2,1,6.2,4030,OK,2024-06
2024-06-22,ER,40,28,70.8,3,4,0.9,789,OK,2024-06
2024-06-22,Med-Surg,80,51,64.0,8,8,3.5,1852,OK,2024-06
2024-06-22,Surgery,30,18,60.6,3,3,4.1,2590,OK,2024-06
2024-06-22,Peds,25,13,50.5,2,2,3.4,1799,OK,2024-06
2024-06-23,ICU,20,15,75.4,2,2,6.4,4240,OK,2024-06
2024-06-23,ER,40,30,74.9,4,4,0.7,668,OK,2024-06
2024-06-23,Med-Surg,80,53,66.3,8,7,4.2,1681,OK,2024-06
2024-06-23,Surgery,30,17,56.8,3,3,3.8,2556,OK,2024-06
2024-06-23,Peds,25,12,49.8,2,3,3.0,2059,OK,2024-06
2024-06-24,ICU,20,17,85.7,2,2,6.5,4344,OK,2024-06
2024-06-24,ER,40,33,83.3,5,4,0.1,1134,OK,2024-06
2024-06-24,Med-Surg,80,58,73.1,8,6,4.3,1830,OK,2024-06
2024-06-24,Surgery,30,19,63.2,4,3,5.1,2386,OK,2024-06
2024-06-24,Peds,25,14,55.4,2,3,2.7,1955,OK,2024-06
2024-06-25,ICU,20,17,86.4,2,2,7.1,4313,OK,2024-06
2024-06-25,ER,40,33,81.6,5,5,1.1,888,OK,2024-06
2024-06-25,Med-Surg,80,60,75.6,8,9,3.6,1727,OK,2024-06
2024-06-25,Surgery,30,18,60.1,4,3,4.4,2578,OK,2024-06
2024-06-25,Peds,25,15,58.0,2,3,4.0,2253,OK,2024-06
2024-06-26,ICU,20,17,86.6,2,2,6.6,3899,OK,2024-06
2024-06-26,ER,40,32,79.0,3,4,0.8,901,OK,2024-06
2024-06-26,Med-Surg,80,59,73.7,9,6,3.9,1664,OK,2024-06
2024-06-26,Surgery,30,19,64.9,4,3,3.5,2083,OK,2024-06
2024-06-26,Peds,25,14,55.6,2,3,2.4,2121,OK,2024-06
2024-06-27,ICU,20,17,84.3,3,2,5.3,3947,OK,2024-06
2024-06-27,ER,40,32,80.2,4,2,1.2,944,OK,2024-06
2024-06-27,Med-Surg,80,60,74.8,8,9,3.7,1841,OK,2024-06
2024-06-27,Surgery,30,19,64.4,4,2,4.4,2508,OK,2024-06
2024-06-27,Peds,25,14,55.3,3,3,3.6,2163,OK,2024-06
2024-06-28,ICU,20,16,82.4,2,3,6.9,4382,OK,2024-06
2024-06-28,ER,40,33,82.0,5,5,0.3,529,OK,2024-06
2024-06-28,Med-Surg,80,59,73.8,8,7,3.7,2297,OK,2024-06
2024-06-28,Surgery,30,20,66.5,3,2,2.9,2336,OK,2024-06
2024-06-28,Peds,25,15,58.5,3,3,3.3,1982,OK,2024-06
2024-06-29,ICU,20,16,77.6,2,2,6.4,3842,OK,2024-06
2024-06-29,ER,40,28,68.9,3,4,0.5,354,OK,2024-06
2024-06-29,Med-Surg,80,52,65.5,7,6,4.9,1821,OK,2024-06
2024-06-29,Surgery,30,17,57.8,3,2,3.1,2757,OK,2024-06
2024-06-29,Peds,25,12,48.7,2,2,2.2,2222,OK,2024-06
2024-06-30,ICU,20,15,75.3,2,2,6.1,4295,OK,2024-06
2024-06-30,ER,40,28,69.8,5,4,0.6,840,OK,2024-06
2024-06-30,Med-Surg,80,54,67.6,8,9,3.0,1892,OK,2024-06
2024-06-30,Surgery,30,17,57.4,4,3,3.8,2807,OK,2024-06
2024-06-30,Peds,25,13,52.0,2,3,2.9,2057,OK,2024-06
2024-07-01,ICU,20,17,86.8,2,2,6.9,4204,OK,2024-07
2024-07-01,ER,40,30,76.0,5,4,0.9,939,OK,2024-07
2024-07-01,Med-Surg,80,61,76.8,10,9,3.8,1961,OK,2024-07
2024-07-01,Surgery,30,21,70.2,3,4,3.5,2330,OK,2024-07
2024-07-01,Peds,25,14,56.6,3,3,2.4,2187,OK,2024-07
2024-07-02,ICU,20,17,82.9,2,2,5.8,4304,OK,2024-07
2024-07-02,ER,40,33,82.8,3,4,0.1,926,OK,2024-07
2024-07-02,Med-Surg,80,58,72.2,7,9,3.8,1737,OK,2024-07
2024-07-02,Surgery,30,19,61.8,4,3,3.8,2194,OK,2024-07
2024-07-02,Peds,25,15,58.2,2,2,4.1,1959,OK,2024-07
2024-07-03,ICU,20,17,86.5,2,2,6.3,4275,OK,2024-07
2024-07-03,ER,40,32,80.7,4,5,0.2,1004,OK,2024-07
2024-07-03,Med-Surg,80,60,75.4,10,9,4.1,1426,OK,2024-07
2024-07-03,Surgery,30,20,66.1,3,3,3.2,2405,OK,2024-07
2024-07-03,Peds,25,14,55.1,2,3,4.0,2221,OK,2024-07
2024-07-04,ICU,20,17,84.1,2,2,6.2,4193,OK,2024-07
2024-07-04,ER,40,31,78.0,6,3,0.9,780,OK,2024-07
2024-07-04,Med-Surg,80,62,77.8,9,8,4.0,1808,OK,2024-07
2024-07-04,Surgery,30,19,64.0,3,2,3.3,2519,OK,2024-07
2024-07-04,Peds,25,14,56.6,2,2,3.2,2067,OK,2024-07
2024-07-05,ICU,20,17,83.0,2,2,5.9,4235,OK,2024-07
2024-07-05,ER,40,34,85.6,4,4,0.5,663,OK,2024-07
2024-07-05,Med-Surg,80,61,76.0,6,7,4.5,1741,OK,2024-07
2024-07-05,Surgery,30,19,64.6,4,3,3.9,2340,OK,2024-07
2024-07-05,Peds,25,14,56.9,3,3,3.6,1579,OK,2024-07
2024-07-06,ICU,20,15,74.7,1,2,6.0,4349,OK,2024-07
2024-07-06,ER,40,28,70.4,3,3,1.3,991,OK,2024-07
2024-07-06,Med-Surg,80,55,68.5,8,7,4.0,1743,OK,2024-07
2024-07-06,Surgery,30,17,56.5,3,2,4.0,2534,OK,2024-07
2024-07-06,Peds,25,12,49.8,3,2,3.3,2510,OK,2024-07
2024-07-07,ICU,20,15,77.4,2,2,6.3,3936,OK,2024-07
2024-07-07,ER,40,29,71.5,4,4,1.0,558,OK,2024-07
2024-07-07,Med-Surg,80,54,67.9,9,7,4.0,1896,OK,2024-07
2024-07-07,Surgery,30,18,61.0,3,3,3.8,2856,OK,2024-07
2024-07-07,Peds,25,12,48.8,2,3,3.0,2327,OK,2024-07
2024-07-08,ICU,20,16,82.3,2,2,5.9,4170,OK,2024-07
2024-07-08,ER,40,32,80.7,4,4,0.6,809,OK,2024-07
2024-07-08,Med-Surg,80,61,76.4,11,7,4.2,1935,OK,2024-07
2024-07-08,Surgery,30,21,69.3,4,3,4.1,2635,OK,2024-07
2024-07-08,Peds,25,14,54.6,3,3,2.8,2126,OK,2024-07
2024-07-09,ICU,20,17,84.0,1,2,6.4,4098,OK,2024-07
2024-07-09,ER,40,31,77.3,4,5,1.5,1076,OK,2024-07
2024-07-09,Med-Surg,80,57,70.6,10,7,3.8,1708,OK,2024-07
2024-07-09,Surgery,30,20,67.6,4,3,3.8,2593,OK,2024-07
2024-07-09,Peds,25,14,57.1,3,2,2.9,1886,OK,2024-07
2024-07-10,ICU,20,17,84.5,2,2,5.8,3903,OK,2024-07
2024-07-10,ER,40,30,75.0,4,4,0.2,1065,OK,2024-07
2024-07-10,Med-Surg,80,57,71.7,11,10,3.1,1818,OK,2024-07
2024-07-10,Surgery,30,20,65.4,2,2,4.2,2904,OK,2024-07
2024-07-10,Peds,25,14,57.6,3,3,3.7,2530,OK,2024-07
2024-07-11,ICU,20,17,83.1,2,1,6.9,4191,OK,2024-07
2024-07-11,ER,40,32,80.5,3,4,0.4,842,OK,2024-07
2024-07-11,Med-Surg,80,58,72.7,7,7,4.7,1849,OK,2024-07
2024-07-11,Surgery,30,20,67.5,3,2,3.5,2327,OK,2024-07
2024-07-11,Peds,25,14,56.7,4,3,4.3,2214,OK,2024-07
2024-07-12,ICU,20,17,83.0,2,3,7.1,4085,OK,2024-07
2024-07-12,ER,40,32,80.6,3,5,1.3,808,OK,2024-07
2024-07-12,Med-Surg,80,58,72.1,9,9,4.1,1836,OK,2024-07
2024-07-12,Surgery,30,20,65.9,4,3,3.3,2298,OK,2024-07
2024-07-12,Peds,25,14,55.7,3,3,2.6,2152,OK,2024-07
2024-07-13,ICU,20,15,73.7,2,2,6.0,4246,OK,2024-07
2024-07-13,ER,40,29,73.2,4,4,0.5,885,OK,2024-07
2024-07-13,Med-Surg,80,51,63.5,8,8,3.6,1534,OK,2024-07
2024-07-13,Surgery,30,17,56.0,2,3,3.1,2440,OK,2024-07
2024-07-13,Peds,25,13,50.3,3,2,3.0,2121,OK,2024-07
2024-07-14,ICU,20,15,74.0,2,2,6.6,4696,OK,2024-07
2024-07-14,ER,40,28,69.4,4,3,0.1,1180,OK,2024-07
2024-07-14,Med-Surg,80,51,63.8,10,6,3.6,1732,OK,2024-07
2024-07-14,Surgery,30,17,58.2,3,3,3.6,2473,OK,2024-07
2024-07-14,Peds,25,12,48.9,2,2,3.4,1734,OK,2024-07
2024-07-15,ICU,20,18,88.7,2,2,6.6,4497,OK,2024-07
2024-07-15,ER,40,33,82.7,5,5,0.4,696,OK,2024-07
2024-07-15,Med-Surg,80,57,71.6,10,8,4.5,1907,OK,2024-07
2024-07-15,Surgery,30,19,64.5,3,4,3.4,2525,OK,2024-07
2024-07-15,Peds,25,14,54.8,3,3,2.5,1908,OK,2024-07
2024-07-16,ICU,20,17,85.4,2,2,5.7,4184,OK,2024-07
2024-07-16,ER,40,33,82.3,5,4,1.6,599,OK,2024-07
2024-07-16,Med-Surg,80,61,76.0,8,7,3.7,1790,OK,2024-07
2024-07-16,Surgery,30,20,67.4,4,3,3.3,2317,OK,2024-07
2024-07-16,Peds,25,14,55.9,3,2,3.0,2553,OK,2024-07
2024-07-17,ICU,20,17,83.4,2,2,5.9,4334,OK,2024-07
2024-07-17,ER,40,31,78.3,6,4,0.2,682,OK,2024-07
2024-07-17,Med-Surg,80,58,72.5,11,7,3.8,1688,OK,2024-07
2024-07-17,Surgery,30,20,66.2,3,2,3.6,2480,OK,2024-07
2024-07-17,Peds,25,14,55.1,3,3,2.9,2146,OK,2024-07
2024-07-18,ICU,20,16,79.2,2,2,6.0,4053,OK,2024-07
2024-07-18,ER,40,34,85.5,6,4,1.1,355,OK,2024-07
2024-07-18,Med-Surg,80,57,71.9,8,8,3.9,1290,OK,2024-07
2024-07-18,Surgery,30,20,67.0,4,4,3.4,2326,OK,2024-07
2024-07-18,Peds,25,13,51.6,3,3,2.6,2529,OK,2024-07
2024-07-19,ICU,20,17,84.0,2,2,6.3,3804,OK,2024-07
2024-07-19,ER,40,33,81.7,5,5,0.0,832,OK,2024-07
2024-07-19,Med-Surg,80,60,74.8,9,7,2.9,1869,OK,2024-07
2024-07-19,Surgery,30,20,65.9,3,3,3.8,2236,OK,2024-07
2024-07-19,Peds,25,13,52.9,2,3,3.3,2138,OK,2024-07
2024-07-20,ICU,20,15,74.1,2,2,6.0,4315,OK,2024-07
2024-07-20,ER,40,28,69.7,5,4,1.1,683,OK,2024-07
2024-07-20,Med-Surg,80,53,66.8,7,7,4.9,1591,OK,2024-07
2024-07-20,Surgery,30,18,58.6,3,3,3.6,2917,OK,2024-07
2024-07-20,Peds,25,12,47.5,3,3,3.9,1782,OK,2024-07
2024-07-21,ICU,20,15,72.5,2,1,5.4,4102,OK,2024-07
2024-07-21,ER,40,28,70.8,5,3,0.2,862,OK,2024-07
2024-07-21,Med-Surg,80,53,65.7,8,7,3.1,1616,OK,2024-07
2024-07-21,Surgery,30,18,60.8,3,3,4.4,2274,OK,2024-07
2024-07-21,Peds,25,12,49.1,2,2,3.0,2062,OK,2024-07
2024-07-22,ICU,20,16,81.1,2,2,6.3,4475,OK,2024-07
2024-07-22,ER,40,32,79.4,4,4,0.1,919,OK,2024-07
2024-07-22,Med-Surg,80,59,73.3,11,10,4.0,1943,OK,2024-07
2024-07-22,Surgery,30,20,65.5,3,3,4.2,2787,OK,2024-07
2024-07-22,Peds,25,14,57.5,3,3,3.2,1872,OK,2024-07
2024-07-23,ICU,20,18,89.0,3,2,6.0,4322,OK,2024-07
2024-07-23,ER,40,33,81.4,4,3,0.7,910,OK,2024-07
2024-07-23,Med-Surg,80,60,75.2,9,8,4.6,1813,OK,2024-07
2024-07-23,Surgery,30,20,65.3,3,2,3.7,2638,OK,2024-07
2024-07-23,Peds,25,14,56.7,3,2,3.1,2259,OK,2024-07
2024-07-24,ICU,20,18,90.6,2,2,6.6,4573,WARNING,2024-07
2024-07-24,ER,40,32,79.3,5,5,1.0,825,OK,2024-07
2024-07-24,Med-Surg,80,58,72.1,9,9,4.6,1867,OK,2024-07
2024-07-24,Surgery,30,20,65.5,4,3,4.0,2333,OK,2024-07
2024-07-24,Peds,25,14,55.8,3,2,1.9,2402,OK,2024-07
2024-07-25,ICU,20,17,85.9,2,2,6.6,4255,OK,2024-07
2024-07-25,ER,40,30,76.2,5,4,0.3,724,OK,2024-07
2024-07-25,Med-Surg,80,55,69.2,10,8,4.0,2056,OK,2024-07
2024-07-25,Surgery,30,19,63.5,3,3,3.7,2513,OK,2024-07
2024-07-25,Peds,25,14,56.8,3,2,3.7,2582,OK,2024-07
2024-07-26,ICU,20,17,85.0,2,2,5.5,4133,OK,2024-07
2024-07-26,ER,40,31,78.4,4,4,0.1,803,OK,2024-07
2024-07-26,Med-Surg,80,59,73.7,8,8,4.0,1962,OK,2024-07
2024-07-26,Surgery,30,20,65.9,4,3,4.1,2778,OK,2024-07
2024-07-26,Peds,25,14,54.2,3,3,2.8,1537,OK,2024-07
2024-07-27,ICU,20,15,74.0,2,1,6.9,4057,OK,2024-07
2024-07-27,ER,40,28,71.1,4,3,0.0,613,OK,2024-07
2024-07-27,Med-Surg,80,54,66.9,8,7,3.6,2039,OK,2024-07
2024-07-27,Surgery,30,18,60.9,3,3,3.9,2257,OK,2024-07
2024-07-27,Peds,25,12,49.0,2,2,3.4,1961,OK,2024-07
2024-07-28,ICU,20,15,77.2,2,2,6.5,4077,OK,2024-07
2024-07-28,ER,40,30,74.4,4,4,0.2,614,OK,2024-07
2024-07-28,Med-Surg,80,53,65.7,8,6,3.4,1546,OK,2024-07
2024-07-28,Surgery,30,18,60.4,3,3,4.5,2276,OK,2024-07
2024-07-28,Peds,25,12,48.3,2,3,3.9,2250,OK,2024-07
2024-07-29,ICU,20,17,86.6,2,3,6.3,4371,OK,2024-07
2024-07-29,ER,40,32,79.8,4,5,0.8,1090,OK,2024-07
2024-07-29,Med-Surg,80,59,74.2,8,7,4.2,1675,OK,2024-07
2024-07-29,Surgery,30,19,64.0,4,3,3.9,2559,OK,2024-07
2024-07-29,Peds,25,14,55.1,3,2,3.0,2149,OK,2024-07
2024-07-30,ICU,20,17,84.5,2,2,6.6,4065,OK,2024-07
2024-07-30,ER,40,33,81.7,5,3,0.1,1028,OK,2024-07
2024-07-30,Med-Surg,80,59,74.3,8,7,3.8,1711,OK,2024-07
2024-07-30,Surgery,30,19,64.6,2,4,4.3,2245,OK,2024-07
2024-07-30,Peds,25,14,56.3,2,2,2.7,2014,OK,2024-07
2024-07-31,ICU,20,18,89.7,2,2,5.8,4409,OK,2024-07
2024-07-31,ER,40,30,76.1,4,5,0.6,838,OK,2024-07
2024-07-31,Med-Surg,80,63,78.3,9,7,4.0,1573,OK,2024-07
2024-07-31,Surgery,30,21,68.7,4,4,4.4,2417,OK,2024-07
2024-07-31,Peds,25,14,54.5,3,2,3.0,2326,OK,2024-07
2024-08-01,ICU,20,17,84.2,2,2,6.6,4066,OK,2024-08
2024-08-01,ER,40,30,74.8,5,5,0.7,672,OK,2024-08
2024-08-01,Med-Surg,80,57,71.1,9,8,4.0,2164,OK,2024-08
2024-08-01,Surgery,30,19,64.4,4,3,2.9,2464,OK,2024-08
2024-08-01,Peds,25,14,57.7,3,2,2.8,1929,OK,2024-08
2024-08-02,ICU,20,17,85.9,2,2,5.8,4351,OK,2024-08
2024-08-02,ER,40,31,78.0,4,3,0.7,862,OK,2024-08
2024-08-02,Med-Surg,80,58,72.1,9,10,3.6,1410,OK,2024-08
2024-08-02,Surgery,30,20,67.1,3,3,4.1,2668,OK,2024-08
2024-08-02,Peds,25,13,52.4,2,3,3.2,2235,OK,2024-08
2024-08-03,ICU,20,15,77.1,2,2,6.6,4308,OK,2024-08
2024-08-03,ER,40,28,69.8,4,3,0.5,566,OK,2024-08
2024-08-03,Med-Surg,80,51,63.2,7,6,3.8,1767,OK,2024-08
2024-08-03,Surgery,30,18,59.0,3,2,4.5,2688,OK,2024-08
2024-08-03,Peds,25,13,50.1,2,2,3.5,2345,OK,2024-08
2024-08-04,ICU,20,15,77.5,2,2,6.9,4075,OK,2024-08
2024-08-04,ER,40,28,69.8,4,4,1.0,754,OK,2024-08
2024-08-04,Med-Surg,80,49,61.8,8,6,3.4,1547,OK,2024-08
2024-08-04,Surgery,30,18,58.9,4,3,3.9,2737,OK,2024-08
2024-08-04,Peds,25,12,47.1,3,2,3.2,2003,OK,2024-08
2024-08-05,ICU,20,17,82.6,2,3,6.6,4098,OK,2024-08
2024-08-05,ER,40,31,76.8,3,5,0.0,735,OK,2024-08
2024-08-05,Med-Surg,80,61,76.5,7,10,4.0,1570,OK,2024-08
2024-08-05,Surgery,30,20,65.7,3,3,3.5,2118,OK,2024-08
2024-08-05,Peds,25,14,55.7,2,3,2.3,2002,OK,2024-08
2024-08-06,ICU,20,17,85.1,2,2,6.5,3968,OK,2024-08
2024-08-06,ER,40,32,79.9,2,4,0.3,603,OK,2024-08
2024-08-06,Med-Surg,80,59,74.3,10,8,3.6,1833,OK,2024-08
2024-08-06,Surgery,30,19,63.6,3,4,3.8,2124,OK,2024-08
2024-08-06,Peds,25,13,53.1,3,3,2.1,2190,OK,2024-08
2024-08-07,ICU,20,18,88.0,3,2,6.5,3773,OK,2024-08
2024-08-07,ER,40,34,85.1,4,3,0.4,1102,OK,2024-08
2024-08-07,Med-Surg,80,63,78.5,9,9,4.1,1592,OK,2024-08
2024-08-07,Surgery,30,21,69.2,3,4,4.4,2623,OK,2024-08
2024-08-07,Peds,25,15,59.2,4,2,2.5,1727,OK,2024-08
2024-08-08,ICU,20,18,90.3,2,2,5.8,4508,WARNING,2024-08
2024-08-08,ER,40,31,78.4,4,4,0.2,919,OK,2024-08
2024-08-08,Med-Surg,80,59,73.5,10,8,3.8,1683,OK,2024-08
2024-08-08,Surgery,30,21,70.3,3,2,3.5,2519,OK,2024-08
2024-08-08,Peds,25,15,59.2,3,2,4.1,2094,OK,2024-08
2024-08-09,ICU,20,18,87.8,2,1,5.5,3550,OK,2024-08
2024-08-09,ER,40,34,85.1,5,3,0.7,838,OK,2024-08
2024-08-09,Med-Surg,80,60,75.0,10,8,3.7,1966,OK,2024-08
2024-08-09,Surgery,30,20,67.8,3,4,3.6,2320,OK,2024-08
2024-08-09,Peds,25,14,56.8,2,3,2.5,2020,OK,2024-08
2024-08-10,ICU,20,16,78.7,2,2,6.8,3990,OK,2024-08
2024-08-10,ER,40,28,69.0,4,4,1.1,651,OK,2024-08
2024-08-10,Med-Surg,80,53,65.9,7,6,4.7,1690,OK,2024-08
2024-08-10,Surgery,30,18,58.8,3,2,4.3,2612,OK,2024-08
2024-08-10,Peds,25,12,46.4,3,2,3.4,1811,OK,2024-08
2024-08-11,ICU,20,15,73.7,2,2,6.6,3896,OK,2024-08
2024-08-11,ER,40,30,73.9,4,4,0.9,798,OK,2024-08
2024-08-11,Med-Surg,80,50,62.3,7,9,4.8,1676,OK,2024-08
2024-08-11,Surgery,30,16,53.4,3,3,3.7,2606,OK,2024-08
2024-08-11,Peds,25,13,50.7,3,2,2.0,2032,OK,2024-08
2024-08-12,ICU,20,18,90.5,2,2,6.4,4283,WARNING,2024-08
2024-08-12,ER,40,30,74.3,4,4,1.1,810,OK,2024-08
2024-08-12,Med-Surg,80,56,70.0,9,7,3.5,1633,OK,2024-08
2024-08-12,Surgery,30,20,67.3,4,3,4.1,2595,OK,2024-08
2024-08-12,Peds,25,14,56.3,3,2,3.0,1891,OK,2024-08
2024-08-13,ICU,20,18,87.6,2,2,5.4,4403,OK,2024-08
2024-08-13,ER,40,33,81.5,5,4,0.1,845,OK,2024-08
2024-08-13,Med-Surg,80,58,72.1,9,5,3.9,2159,OK,2024-08
2024-08-13,Surgery,30,20,67.1,3,4,2.6,2337,OK,2024-08
2024-08-13,Peds,25,14,55.4,3,3,2.5,2300,OK,2024-08
2024-08-14,ICU,20,17,83.6,3,2,6.1,4102,OK,2024-08
2024-08-14,ER,40,33,82.6,4,4,0.8,909,OK,2024-08
2024-08-14,Med-Surg,80,60,75.6,9,8,3.9,1805,OK,2024-08
2024-08-14,Surgery,30,20,66.7,3,3,3.0,2633,OK,2024-08
2024-08-14,Peds,25,14,56.4,3,3,2.0,2028,OK,2024-08
2024-08-15,ICU,20,17,84.1,2,1,6.2,4303,OK,2024-08
2024-08-15,ER,40,31,78.5,4,4,0.1,718,OK,2024-08
2024-08-15,Med-Surg,80,58,72.0,10,7,3.6,2154,OK,2024-08
2024-08-15,Surgery,30,20,68.1,2,3,3.9,2565,OK,2024-08
2024-08-15,Peds,25,13,53.6,3,3,3.1,2371,OK,2024-08
2024-08-16,ICU,20,17,85.8,2,2,6.8,4032,OK,2024-08
2024-08-16,ER,40,33,81.6,4,4,0.7,523,OK,2024-08
2024-08-16,Med-Surg,80,59,73.3,9,8,4.3,1961,OK,2024-08
2024-08-16,Surgery,30,20,66.2,3,4,4.0,2540,OK,2024-08
2024-08-16,Peds,25,14,54.5,3,3,3.5,2109,OK,2024-08
2024-08-17,ICU,20,14,70.4,1,2,5.9,4287,OK,2024-08
2024-08-17,ER,40,28,70.7,4,4,0.1,797,OK,2024-08
2024-08-17,Med-Surg,80,51,63.6,7,7,4.0,1984,OK,2024-08
2024-08-17,Surgery,30,17,58.1,3,3,4.2,2607,OK,2024-08
2024-08-17,Peds,25,12,49.9,3,2,3.4,2223,OK,2024-08
2024-08-18,ICU,20,15,73.7,2,2,6.1,4105,OK,2024-08
2024-08-18,ER,40,28,70.8,4,4,0.7,920,OK,2024-08
2024-08-18,Med-Surg,80,54,67.2,8,6,4.8,1694,OK,2024-08
2024-08-18,Surgery,30,17,57.1,2,3,3.0,2350,OK,2024-08
2024-08-18,Peds,25,13,50.3,3,2,2.8,1925,OK,2024-08
2024-08-19,ICU,20,17,83.2,2,2,6.1,3907,OK,2024-08
2024-08-19,ER,40,33,82.8,5,5,1.1,635,OK,2024-08
2024-08-19,Med-Surg,80,58,72.8,6,12,4.0,2008,OK,2024-08
2024-08-19,Surgery,30,19,63.8,4,4,3.8,2298,OK,2024-08
2024-08-19,Peds,25,14,55.9,2,3,3.3,2093,OK,2024-08
2024-08-20,ICU,20,17,83.9,2,2,5.4,4218,OK,2024-08
2024-08-20,ER,40,34,85.9,4,4,1.5,1021,OK,2024-08
2024-08-20,Med-Surg,80,58,72.5,9,8,3.7,1785,OK,2024-08
2024-08-20,Surgery,30,20,65.7,3,3,3.2,2492,OK,2024-08
2024-08-20,Peds,25,15,59.0,3,2,3.3,2068,OK,2024-08
2024-08-21,ICU,20,18,89.4,2,2,5.8,4301,OK,2024-08
2024-08-21,ER,40,32,80.7,4,4,0.2,856,OK,2024-08
2024-08-21,Med-Surg,80,60,75.0,9,8,4.1,1820,OK,2024-08
2024-08-21,Surgery,30,20,65.8,3,4,4.0,2629,OK,2024-08
2024-08-21,Peds,25,14,56.9,3,3,2.8,2311,OK,2024-08
2024-08-22,ICU,20,17,83.8,2,2,5.6,4307,OK,2024-08
2024-08-22,ER,40,31,77.2,4,3,1.9,469,OK,2024-08
2024-08-22,Med-Surg,80,59,73.6,10,9,4.5,1737,OK,2024-08
2024-08-22,Surgery,30,21,68.9,4,3,3.9,2439,OK,2024-08
2024-08-22,Peds,25,14,54.6,3,3,2.5,2069,OK,2024-08
2024-08-23,ICU,20,17,84.3,2,2,6.7,4051,OK,2024-08
2024-08-23,ER,40,31,78.0,5,4,0.1,703,OK,2024-08
2024-08-23,Med-Surg,80,58,72.9,11,9,4.7,1964,OK,2024-08
2024-08-23,Surgery,30,20,68.1,3,3,3.3,2458,OK,2024-08
2024-08-23,Peds,25,14,57.3,3,3,2.3,2200,OK,2024-08
2024-08-24,ICU,20,14,71.7,2,2,6.1,4310,OK,2024-08
2024-08-24,ER,40,27,68.4,3,4,1.4,601,OK,2024-08
2024-08-24,Med-Surg,80,54,67.1,8,6,3.5,1803,OK,2024-08
2024-08-24,Surgery,30,17,57.6,2,2,3.4,2539,OK,2024-08
2024-08-24,Peds,25,12,49.4,2,2,3.4,2179,OK,2024-08
2024-08-25,ICU,20,15,74.2,2,2,6.1,4160,OK,2024-08
2024-08-25,ER,40,27,67.8,4,2,1.5,613,OK,2024-08
2024-08-25,Med-Surg,80,54,67.8,8,8,3.9,1842,OK,2024-08
2024-08-25,Surgery,30,18,59.4,3,3,3.6,2404,OK,2024-08
2024-08-25,Peds,25,12,47.0,3,3,3.7,2161,OK,2024-08
2024-08-26,ICU,20,17,82.7,2,2,5.3,4132,OK,2024-08
2024-08-26,ER,40,32,79.5,4,4,0.6,317,OK,2024-08
2024-08-26,Med-Surg,80,59,73.6,6,9,3.8,1369,OK,2024-08
2024-08-26,Surgery,30,19,64.6,3,4,3.9,2569,OK,2024-08
2024-08-26,Peds,25,15,58.1,3,3,3.2,1843,OK,2024-08
2024-08-27,ICU,20,18,88.4,2,2,5.4,4320,OK,2024-08
2024-08-27,ER,40,34,84.5,4,4,0.8,734,OK,2024-08
2024-08-27,Med-Surg,80,62,77.6,9,8,3.8,1613,OK,2024-08
2024-08-27,Surgery,30,19,65.0,3,3,3.5,2920,OK,2024-08
2024-08-27,Peds,25,14,54.4,3,3,3.2,2088,OK,2024-08
2024-08-28,ICU,20,17,84.0,2,2,6.1,3888,OK,2024-08
2024-08-28,ER,40,32,78.9,4,4,0.5,872,OK,2024-08
2024-08-28,Med-Surg,80,62,77.5,8,9,4.3,2059,OK,2024-08
2024-08-28,Surgery,30,20,67.4,3,2,4.0,2394,OK,2024-08
2024-08-28,Peds,25,14,54.5,2,3,3.7,2018,OK,2024-08
2024-08-29,ICU,20,17,86.1,2,2,6.6,3981,OK,2024-08
2024-08-29,ER,40,32,80.1,4,5,0.0,878,OK,2024-08
2024-08-29,Med-Surg,80,57,71.7,8,4,5.1,1910,OK,2024-08
2024-08-29,Surgery,30,19,64.7,3,3,4.2,2122,OK,2024-08
2024-08-29,Peds,25,14,55.9,3,2,2.9,2541,OK,2024-08
2024-08-30,ICU,20,17,86.2,2,2,6.0,4460,OK,2024-08
2024-08-30,ER,40,32,79.1,3,4,0.0,744,OK,2024-08
2024-08-30,Med-Surg,80,58,73.0,10,9,4.2,1799,OK,2024-08
2024-08-30,Surgery,30,19,64.1,2,3,4.2,2478,OK,2024-08
2024-08-30,Peds,25,14,55.2,3,2,3.7,2347,OK,2024-08
2024-08-31,ICU,20,15,76.6,2,1,6.5,4275,OK,2024-08
2024-08-31,ER,40,29,71.7,4,4,1.9,785,OK,2024-08
2024-08-31,Med-Surg,80,53,66.6,7,8,4.6,1873,OK,2024-08
2024-08-31,Surgery,30,18,61.2,3,2,3.9,2676,OK,2024-08
2024-08-31,Peds,25,12,49.7,3,2,2.3,2162,OK,2024-08
2024-09-01,ICU,20,16,80.8,2,2,6.0,4185,OK,2024-09
2024-09-01,ER,40,31,76.6,4,4,0.3,971,OK,2024-09
2024-09-01,Med-Surg,80,57,70.8,11,8,3.8,2334,OK,2024-09
2024-09-01,Surgery,30,19,64.1,4,3,4.1,2607,OK,2024-09
2024-09-01,Peds,25,13,51.9,3,2,2.8,1955,OK,2024-09
2024-09-02,ICU,20,19,93.0,3,2,6.3,4079,WARNING,2024-09
2024-09-02,ER,40,35,86.3,5,5,0.1,494,OK,2024-09
2024-09-02,Med-Surg,80,63,78.3,11,10,3.6,1861,OK,2024-09
2024-09-02,Surgery,30,23,76.0,4,4,4.3,2318,OK,2024-09
2024-09-02,Peds,25,15,60.7,3,3,3.4,2182,OK,2024-09
2024-09-03,ICU,20,17,83.9,2,1,6.3,4248,OK,2024-09
2024-09-03,ER,40,35,87.7,4,5,0.9,549,OK,2024-09
2024-09-03,Med-Surg,80,61,76.5,10,11,4.9,1913,OK,2024-09
2024-09-03,Surgery,30,21,70.4,4,3,3.4,2071,OK,2024-09
2024-09-03,Peds,25,15,61.2,3,3,1.8,2134,OK,2024-09
2024-09-04,ICU,20,17,85.3,3,2,6.1,4313,OK,2024-09
2024-09-04,ER,40,34,84.4,5,5,1.0,711,OK,2024-09
2024-09-04,Med-Surg,80,64,79.9,9,11,3.5,1676,OK,2024-09
2024-09-04,Surgery,30,20,67.9,4,3,3.6,2490,OK,2024-09
2024-09-04,Peds,25,16,62.2,3,4,3.1,2007,OK,2024-09
2024-09-05,ICU,20,18,90.5,2,2,6.2,4357,WARNING,2024-09
2024-09-05,ER,40,34,85.4,4,5,0.2,386,OK,2024-09
2024-09-05,Med-Surg,80,62,77.2,7,9,3.9,1756,OK,2024-09
2024-09-05,Surgery,30,22,74.5,3,4,4.6,2409,OK,2024-09
2024-09-05,Peds,25,16,62.3,3,3,2.1,1771,OK,2024-09
2024-09-06,ICU,20,18,90.9,2,2,6.1,4344,WARNING,2024-09
2024-09-06,ER,40,34,85.9,4,4,0.1,613,OK,2024-09
2024-09-06,Med-Surg,80,61,76.1,10,8,4.6,1511,OK,2024-09
2024-09-06,Surgery,30,21,70.8,5,3,3.7,2257,OK,2024-09
2024-09-06,Peds,25,15,58.5,4,3,3.0,1761,OK,2024-09
2024-09-07,ICU,20,16,81.8,2,2,6.5,3974,OK,2024-09
2024-09-07,ER,40,31,77.3,5,3,0.1,978,OK,2024-09
2024-09-07,Med-Surg,80,58,72.3,6,9,4.1,1956,OK,2024-09
2024-09-07,Surgery,30,19,62.2,3,3,3.6,2504,OK,2024-09
2024-09-07,Peds,25,13,52.6,3,2,2.4,1957,OK,2024-09
2024-09-08,ICU,20,16,81.3,2,2,7.1,4262,OK,2024-09
2024-09-08,ER,40,31,77.6,4,4,0.4,1004,OK,2024-09
2024-09-08,Med-Surg,80,56,70.4,9,7,4.2,1639,OK,2024-09
2024-09-08,Surgery,30,20,65.7,3,3,3.6,2429,OK,2024-09
2024-09-08,Peds,25,14,54.8,3,3,2.5,2134,OK,2024-09
2024-09-09,ICU,20,18,89.9,3,2,6.1,4438,OK,2024-09
2024-09-09,ER,40,34,85.3,5,4,0.6,561,OK,2024-09
2024-09-09,Med-Surg,80,63,78.4,9,11,4.2,2131,OK,2024-09
2024-09-09,Surgery,30,22,72.5,3,4,4.0,2371,OK,2024-09
2024-09-09,Peds,25,15,61.9,3,2,3.4,2319,OK,2024-09
2024-09-10,ICU,20,19,97.1,3,2,6.6,4370,CRITICAL,2024-09
2024-09-10,ER,40,37,91.3,5,4,0.1,907,WARNING,2024-09
2024-09-10,Med-Surg,80,61,76.3,11,10,4.4,1828,OK,2024-09
2024-09-10,Surgery,30,23,75.3,4,3,3.5,2324,OK,2024-09
2024-09-10,Peds,25,16,62.0,3,3,3.6,1924,OK,2024-09
2024-09-11,ICU,20,18,91.5,2,2,7.0,3863,WARNING,2024-09
2024-09-11,ER,40,34,86.2,5,3,0.3,886,OK,2024-09
2024-09-11,Med-Surg,80,63,79.3,7,13,4.2,1822,OK,2024-09
2024-09-11,Surgery,30,21,69.6,4,3,2.9,2286,OK,2024-09
2024-09-11,Peds,25,16,62.5,4,3,3.5,2069,OK,2024-09
2024-09-12,ICU,20,18,91.8,3,3,6.9,3987,WARNING,2024-09
2024-09-12,ER,40,35,86.8,5,4,0.7,964,OK,2024-09
2024-09-12,Med-Surg,80,66,82.4,12,8,3.4,1872,OK,2024-09
2024-09-12,Surgery,30,23,76.1,3,4,4.1,2538,OK,2024-09
2024-09-12,Peds,25,15,61.0,3,2,2.3,2022,OK,2024-09
2024-09-13,ICU,20,19,95.0,2,2,5.8,4331,CRITICAL,2024-09
2024-09-13,ER,40,36,90.5,6,5,0.2,730,WARNING,2024-09
2024-09-13,Med-Surg,80,68,84.7,11,7,4.1,1873,OK,2024-09
2024-09-13,Surgery,30,21,70.4,2,3,3.4,2343,OK,2024-09
2024-09-13,Peds,25,15,60.4,3,3,2.5,2056,OK,2024-09
2024-09-14,ICU,20,15,76.7,2,1,6.1,4384,OK,2024-09
2024-09-14,ER,40,30,74.1,5,5,1.2,770,OK,2024-09
2024-09-14,Med-Surg,80,51,64.3,8,8,2.9,2185,OK,2024-09
2024-09-14,Surgery,30,19,63.9,3,4,2.9,2254,OK,2024-09
2024-09-14,Peds,25,12,50.0,3,3,3.2,2160,OK,2024-09
2024-09-15,ICU,20,16,82.4,2,2,6.3,4078,OK,2024-09
2024-09-15,ER,40,31,76.5,4,4,0.2,531,OK,2024-09
2024-09-15,Med-Surg,80,58,72.7,8,8,3.6,1505,OK,2024-09
2024-09-15,Surgery,30,19,61.8,3,3,4.4,2536,OK,2024-09
2024-09-15,Peds,25,14,56.7,3,2,3.4,1798,OK,2024-09
2024-09-16,ICU,20,19,92.6,2,3,6.9,4052,WARNING,2024-09
2024-09-16,ER,40,35,86.7,5,5,0.5,595,OK,2024-09
2024-09-16,Med-Surg,80,63,78.3,10,10,4.3,1645,OK,2024-09
2024-09-16,Surgery,30,22,73.4,3,4,5.1,2428,OK,2024-09
2024-09-16,Peds,25,16,62.5,3,3,2.9,2061,OK,2024-09
2024-09-17,ICU,20,20,98.8,2,2,5.2,4286,CRITICAL,2024-09
2024-09-17,ER,40,36,90.0,4,3,0.5,803,WARNING,2024-09
2024-09-17,Med-Surg,80,65,81.7,12,8,3.7,1567,OK,2024-09
2024-09-17,Surgery,30,22,72.4,4,3,4.2,2593,OK,2024-09
2024-09-17,Peds,25,15,61.1,3,3,1.7,2147,OK,2024-09
2024-09-18,ICU,20,18,92.1,2,2,6.4,4178,WARNING,2024-09
2024-09-18,ER,40,35,87.1,4,4,0.5,653,OK,2024-09
2024-09-18,Med-Surg,80,66,82.1,9,9,4.2,1949,OK,2024-09
2024-09-18,Surgery,30,22,73.9,4,2,4.4,2805,OK,2024-09
2024-09-18,Peds,25,15,60.1,3,2,1.9,1952,OK,2024-09
2024-09-19,ICU,20,18,90.5,2,2,5.8,4198,WARNING,2024-09
2024-09-19,ER,40,34,85.0,5,5,1.7,1025,OK,2024-09
2024-09-19,Med-Surg,80,64,80.6,9,9,4.3,1697,OK,2024-09
2024-09-19,Surgery,30,22,73.7,3,3,4.1,2442,OK,2024-09
2024-09-19,Peds,25,15,60.6,3,2,3.5,1896,OK,2024-09
2024-09-20,ICU,20,19,92.9,3,2,6.2,4018,WARNING,2024-09
2024-09-20,ER,40,36,90.6,4,4,0.1,528,WARNING,2024-09
2024-09-20,Med-Surg,80,67,83.8,10,9,3.8,1982,OK,2024-09
2024-09-20,Surgery,30,21,70.2,4,3,3.5,2652,OK,2024-09
2024-09-20,Peds,25,16,62.6,3,2,2.7,2131,OK,2024-09
2024-09-21,ICU,20,16,78.9,3,1,5.8,4098,OK,2024-09
2024-09-21,ER,40,28,70.0,3,4,0.5,1115,OK,2024-09
2024-09-21,Med-Surg,80,59,73.7,9,8,4.1,1269,OK,2024-09
2024-09-21,Surgery,30,18,60.7,3,3,3.9,2322,OK,2024-09
2024-09-21,Peds,25,14,55.2,3,3,3.4,1988,OK,2024-09
2024-09-22,ICU,20,17,83.6,2,2,6.4,4176,OK,2024-09
2024-09-22,ER,40,30,74.6,4,4,0.3,979,OK,2024-09
2024-09-22,Med-Surg,80,58,72.0,8,9,3.9,2102,OK,2024-09
2024-09-22,Surgery,30,19,64.2,3,3,3.8,2459,OK,2024-09
2024-09-22,Peds,25,13,51.7,3,2,3.2,2361,OK,2024-09
2024-09-23,ICU,20,18,88.6,3,2,5.7,4352,OK,2024-09
2024-09-23,ER,40,34,85.8,5,4,0.1,945,OK,2024-09
2024-09-23,Med-Surg,80,63,79.3,8,10,3.5,1569,OK,2024-09
2024-09-23,Surgery,30,22,74.6,3,2,4.1,2439,OK,2024-09
2024-09-23,Peds,25,15,60.6,3,3,2.5,2395,OK,2024-09
2024-09-24,ICU,20,18,87.9,3,2,5.8,3995,OK,2024-09
2024-09-24,ER,40,36,89.7,4,4,0.9,807,OK,2024-09
2024-09-24,Med-Surg,80,61,75.7,12,8,3.9,1851,OK,2024-09
2024-09-24,Surgery,30,22,73.4,5,2,4.2,2649,OK,2024-09
2024-09-24,Peds,25,15,60.7,3,3,2.2,2450,OK,2024-09
2024-09-25,ICU,20,18,87.7,2,2,7.2,4138,OK,2024-09
2024-09-25,ER,40,35,86.9,6,4,0.1,717,OK,2024-09
2024-09-25,Med-Surg,80,67,83.3,10,11,4.5,1671,OK,2024-09
2024-09-25,Surgery,30,22,72.1,3,3,6.0,2704,OK,2024-09
2024-09-25,Peds,25,16,62.6,3,3,3.4,2476,OK,2024-09
2024-09-26,ICU,20,19,97.1,2,2,5.7,4011,CRITICAL,2024-09
2024-09-26,ER,40,35,87.8,4,6,1.5,799,OK,2024-09
2024-09-26,Med-Surg,80,68,84.7,12,8,3.1,1756,OK,2024-09
2024-09-26,Surgery,30,21,70.6,4,3,3.8,2605,OK,2024-09
2024-09-26,Peds,25,15,58.8,3,3,3.0,2291,OK,2024-09
2024-09-27,ICU,20,18,88.6,2,2,5.9,4380,OK,2024-09
2024-09-27,ER,40,34,85.1,4,4,1.0,702,OK,2024-09
2024-09-27,Med-Surg,80,65,81.1,12,9,4.7,2134,OK,2024-09
2024-09-27,Surgery,30,22,74.2,4,4,3.2,2344,OK,2024-09
2024-09-27,Peds,25,15,59.9,4,2,2.5,1891,OK,2024-09
2024-09-28,ICU,20,16,82.3,2,2,6.5,3924,OK,2024-09
2024-09-28,ER,40,30,74.7,5,4,1.1,770,OK,2024-09
2024-09-28,Med-Surg,80,55,68.4,8,7,3.8,1840,OK,2024-09
2024-09-28,Surgery,30,19,64.3,2,3,3.5,2370,OK,2024-09
2024-09-28,Peds,25,13,53.9,2,3,3.5,2336,OK,2024-09
2024-09-29,ICU,20,16,79.8,2,2,6.1,4078,OK,2024-09
2024-09-29,ER,40,30,73.9,4,4,0.8,933,OK,2024-09
2024-09-29,Med-Surg,80,58,72.7,7,8,3.7,1556,OK,2024-09
2024-09-29,Surgery,30,19,62.5,4,3,4.6,2610,OK,2024-09
2024-09-29,Peds,25,13,53.0,3,3,2.4,2472,OK,2024-09
2024-09-30,ICU,20,19,92.7,2,2,6.8,4303,WARNING,2024-09
2024-09-30,ER,40,35,88.6,4,5,1.0,666,OK,2024-09
2024-09-30,Med-Surg,80,61,76.6,10,7,4.2,1711,OK,2024-09
2024-09-30,Surgery,30,22,74.6,3,4,3.5,2700,OK,2024-09
2024-09-30,Peds,25,16,64.8,3,3,4.3,2113,OK,2024-09
2024-10-01,ICU,20,18,92.2,3,2,5.3,4426,WARNING,2024-10
2024-10-01,ER,40,33,81.8,4,5,0.3,661,OK,2024-10
2024-10-01,Med-Surg,80,66,82.1,8,7,4.2,1763,OK,2024-10
2024-10-01,Surgery,30,21,69.3,4,4,3.6,2442,OK,2024-10
2024-10-01,Peds,25,15,61.9,4,3,3.2,2213,OK,2024-10
2024-10-02,ICU,20,19,94.4,2,2,6.0,4269,WARNING,2024-10
2024-10-02,ER,40,37,91.7,4,5,0.3,822,WARNING,2024-10
2024-10-02,Med-Surg,80,67,83.6,11,7,3.8,2051,OK,2024-10
2024-10-02,Surgery,30,22,72.3,3,3,4.2,2699,OK,2024-10
2024-10-02,Peds,25,15,61.0,4,3,2.8,1937,OK,2024-10
2024-10-03,ICU,20,18,89.3,3,2,7.0,4493,OK,2024-10
2024-10-03,ER,40,35,88.7,4,4,1.1,687,OK,2024-10
2024-10-03,Med-Surg,80,66,82.7,10,9,3.7,1781,OK,2024-10
2024-10-03,Surgery,30,22,72.4,4,3,3.7,2509,OK,2024-10
2024-10-03,Peds,25,16,62.2,3,2,3.2,1796,OK,2024-10
2024-10-04,ICU,20,19,95.5,2,2,6.0,4276,CRITICAL,2024-10
2024-10-04,ER,40,34,85.6,5,5,0.4,613,OK,2024-10
2024-10-04,Med-Surg,80,63,79.3,12,11,3.1,2018,OK,2024-10
2024-10-04,Surgery,30,22,72.5,4,3,2.9,2617,OK,2024-10
2024-10-04,Peds,25,15,59.3,2,2,3.2,2128,OK,2024-10
2024-10-05,ICU,20,17,82.9,2,2,6.2,4098,OK,2024-10
2024-10-05,ER,40,30,76.1,4,4,1.0,637,OK,2024-10
2024-10-05,Med-Surg,80,58,73.1,9,8,3.3,1439,OK,2024-10
2024-10-05,Surgery,30,19,63.6,4,3,4.6,2647,OK,2024-10
2024-10-05,Peds,25,13,52.2,3,3,2.3,2206,OK,2024-10
2024-10-06,ICU,20,16,80.2,2,2,6.0,4424,OK,2024-10
2024-10-06,ER,40,33,81.7,4,4,0.2,804,OK,2024-10
2024-10-06,Med-Surg,80,56,70.0,9,9,4.0,2107,OK,2024-10
2024-10-06,Surgery,30,20,66.3,4,3,3.5,2338,OK,2024-10
2024-10-06,Peds,25,14,55.2,2,3,2.4,2265,OK,2024-10
2024-10-07,ICU,20,18,92.0,3,3,6.9,4492,WARNING,2024-10
2024-10-07,ER,40,35,87.4,4,4,0.5,583,OK,2024-10
2024-10-07,Med-Surg,80,64,80.2,9,9,4.3,1739,OK,2024-10
2024-10-07,Surgery,30,21,69.6,4,3,3.7,2769,OK,2024-10
2024-10-07,Peds,25,15,60.5,4,3,2.6,1878,OK,2024-10
2024-10-08,ICU,20,18,91.9,3,2,6.7,4442,WARNING,2024-10
2024-10-08,ER,40,34,85.0,4,5,0.6,663,OK,2024-10
2024-10-08,Med-Surg,80,63,79.2,9,7,4.5,1704,OK,2024-10
2024-10-08,Surgery,30,20,66.0,4,3,4.6,2383,OK,2024-10
2024-10-08,Peds,25,15,59.0,3,2,2.5,2202,OK,2024-10
2024-10-09,ICU,20,18,89.1,2,3,6.5,4147,OK,2024-10
2024-10-09,ER,40,35,87.0,5,5,0.1,873,OK,2024-10
2024-10-09,Med-Surg,80,63,78.8,9,9,4.1,1947,OK,2024-10
2024-10-09,Surgery,30,22,73.1,3,3,3.6,2866,OK,2024-10
2024-10-09,Peds,25,15,59.4,3,3,2.6,2136,OK,2024-10
2024-10-10,ICU,20,19,95.9,3,2,7.6,4216,CRITICAL,2024-10
2024-10-10,ER,40,34,85.5,6,4,1.3,626,OK,2024-10
2024-10-10,Med-Surg,80,67,83.4,10,11,5.1,1573,OK,2024-10
2024-10-10,Surgery,30,22,74.8,3,3,3.4,2601,OK,2024-10
2024-10-10,Peds,25,15,61.1,3,3,3.2,2234,OK,2024-10
2024-10-11,ICU,20,19,95.0,3,2,5.9,4323,CRITICAL,2024-10
2024-10-11,ER,40,34,84.0,4,5,0.4,558,OK,2024-10
2024-10-11,Med-Surg,80,61,76.4,10,10,4.7,1822,OK,2024-10
2024-10-11,Surgery,30,23,76.3,4,3,2.5,2411,OK,2024-10
2024-10-11,Peds,25,16,62.6,4,2,3.1,2309,OK,2024-10
2024-10-12,ICU,20,16,81.0,1,2,6.6,4011,OK,2024-10
2024-10-12,ER,40,30,76.0,3,2,1.0,799,OK,2024-10
2024-10-12,Med-Surg,80,59,73.8,10,7,4.1,1913,OK,2024-10
2024-10-12,Surgery,30,20,65.2,3,3,3.7,2301,OK,2024-10
2024-10-12,Peds,25,13,53.6,3,2,2.2,2189,OK,2024-10
2024-10-13,ICU,20,16,80.0,2,2,7.0,4452,OK,2024-10
2024-10-13,ER,40,29,73.7,4,4,0.8,792,OK,2024-10
2024-10-13,Med-Surg,80,54,68.0,8,7,4.2,2141,OK,2024-10
2024-10-13,Surgery,30,19,62.1,3,3,4.3,2211,OK,2024-10
2024-10-13,Peds,25,14,56.0,3,2,2.1,2241,OK,2024-10
2024-10-14,ICU,20,18,91.5,2,2,6.0,4103,WARNING,2024-10
2024-10-14,ER,40,35,86.7,4,3,1.9,527,OK,2024-10
2024-10-14,Med-Surg,80,64,80.4,7,6,4.1,1835,OK,2024-10
2024-10-14,Surgery,30,22,74.7,4,3,3.3,2800,OK,2024-10
2024-10-14,Peds,25,16,62.7,2,3,3.0,2031,OK,2024-10
2024-10-15,ICU,20,19,94.1,3,2,6.1,4500,WARNING,2024-10
2024-10-15,ER,40,36,89.4,5,3,0.7,940,OK,2024-10
2024-10-15,Med-Surg,80,59,73.4,10,8,4.0,1619,OK,2024-10
2024-10-15,Surgery,30,22,71.7,4,3,4.3,2339,OK,2024-10
2024-10-15,Peds,25,16,62.4,3,3,2.9,2228,OK,2024-10
2024-10-16,ICU,20,17,84.9,2,2,5.2,4094,OK,2024-10
2024-10-16,ER,40,35,86.9,4,4,0.6,1002,OK,2024-10
2024-10-16,Med-Surg,80,62,77.7,9,8,2.9,1828,OK,2024-10
2024-10-16,Surgery,30,22,74.0,4,3,3.2,2504,OK,2024-10
2024-10-16,Peds,25,16,62.5,3,3,3.5,1952,OK,2024-10
2024-10-17,ICU,20,18,91.4,3,2,5.6,4066,WARNING,2024-10
2024-10-17,ER,40,34,84.6,5,4,0.6,653,OK,2024-10
2024-10-17,Med-Surg,80,60,74.9,10,9,4.4,1665,OK,2024-10
2024-10-17,Surgery,30,21,70.3,4,4,3.8,2585,OK,2024-10
2024-10-17,Peds,25,15,60.4,2,3,3.4,2242,OK,2024-10
2024-10-18,ICU,20,18,91.5,3,2,7.0,4398,WARNING,2024-10
2024-10-18,ER,40,35,87.2,4,5,0.6,942,OK,2024-10
2024-10-18,Med-Surg,80,67,83.2,9,12,3.2,1884,OK,2024-10
2024-10-18,Surgery,30,21,70.3,3,3,3.1,2468,OK,2024-10
2024-10-18,Peds,25,15,61.1,4,2,3.4,2120,OK,2024-10
2024-10-19,ICU,20,17,83.5,2,2,5.6,3942,OK,2024-10
2024-10-19,ER,40,31,77.7,5,4,0.8,495,OK,2024-10
2024-10-19,Med-Surg,80,57,70.8,9,6,4.0,1943,OK,2024-10
2024-10-19,Surgery,30,17,57.8,4,3,4.2,2417,OK,2024-10
2024-10-19,Peds,25,13,50.9,3,2,2.9,2318,OK,2024-10
2024-10-20,ICU,20,17,82.8,3,2,5.9,4162,OK,2024-10
2024-10-20,ER,40,31,77.5,5,3,0.5,1122,OK,2024-10
2024-10-20,Med-Surg,80,56,69.9,10,8,4.6,1638,OK,2024-10
2024-10-20,Surgery,30,19,61.8,3,2,3.7,2551,OK,2024-10
2024-10-20,Peds,25,14,56.6,3,3,3.5,1907,OK,2024-10
2024-10-21,ICU,20,18,91.5,3,2,6.8,4393,WARNING,2024-10
2024-10-21,ER,40,33,83.1,5,4,0.7,649,OK,2024-10
2024-10-21,Med-Surg,80,62,77.3,9,9,4.7,2163,OK,2024-10
2024-10-21,Surgery,30,23,75.0,4,3,3.6,2542,OK,2024-10
2024-10-21,Peds,25,15,59.8,3,3,3.2,2305,OK,2024-10
2024-10-22,ICU,20,18,89.5,3,2,5.7,4306,OK,2024-10
2024-10-22,ER,40,36,90.2,5,4,0.7,827,WARNING,2024-10
2024-10-22,Med-Surg,80,62,77.3,8,9,4.1,1802,OK,2024-10
2024-10-22,Surgery,30,22,73.5,3,4,3.7,2865,OK,2024-10
2024-10-22,Peds,25,15,61.1,4,3,2.8,1920,OK,2024-10
2024-10-23,ICU,20,18,88.0,2,2,6.4,4095,OK,2024-10
2024-10-23,ER,40,35,87.5,6,4,1.5,565,OK,2024-10
2024-10-23,Med-Surg,80,64,79.6,9,10,3.0,1511,OK,2024-10
2024-10-23,Surgery,30,22,71.8,4,3,3.1,2261,OK,2024-10
2024-10-23,Peds,25,16,64.1,3,2,3.6,2302,OK,2024-10
2024-10-24,ICU,20,19,95.5,2,2,6.3,4267,CRITICAL,2024-10
2024-10-24,ER,40,35,88.0,6,3,0.9,581,OK,2024-10
2024-10-24,Med-Surg,80,66,82.1,9,8,3.8,1511,OK,2024-10
2024-10-24,Surgery,30,22,72.1,3,4,4.1,2838,OK,2024-10
2024-10-24,Peds,25,15,61.7,3,3,2.6,1802,OK,2024-10
2024-10-25,ICU,20,19,92.6,2,3,6.9,4633,WARNING,2024-10
2024-10-25,ER,40,35,87.2,5,4,0.9,557,OK,2024-10
2024-10-25,Med-Surg,80,59,73.9,8,7,4.8,2163,OK,2024-10
2024-10-25,Surgery,30,21,69.0,4,4,3.0,2422,OK,2024-10
2024-10-25,Peds,25,15,59.9,3,2,2.9,1963,OK,2024-10
2024-10-26,ICU,20,16,82.1,2,2,6.1,4607,OK,2024-10
2024-10-26,ER,40,30,75.6,4,4,0.4,517,OK,2024-10
2024-10-26,Med-Surg,80,60,75.1,8,7,4.2,2146,OK,2024-10
2024-10-26,Surgery,30,18,60.2,3,4,3.9,2253,OK,2024-10
2024-10-26,Peds,25,13,52.7,3,3,2.7,2265,OK,2024-10
2024-10-27,ICU,20,15,77.5,2,2,6.9,4214,OK,2024-10
2024-10-27,ER,40,31,77.2,4,5,0.2,938,OK,2024-10
2024-10-27,Med-Surg,80,55,68.6,11,7,3.7,1910,OK,2024-10
2024-10-27,Surgery,30,19,63.5,3,3,3.3,2823,OK,2024-10
2024-10-27,Peds,25,14,55.1,3,2,3.1,2139,OK,2024-10
2024-10-28,ICU,20,19,95.1,3,2,5.4,4556,CRITICAL,2024-10
2024-10-28,ER,40,35,88.5,4,5,0.3,1011,OK,2024-10
2024-10-28,Med-Surg,80,61,76.5,9,9,4.6,1821,OK,2024-10
2024-10-28,Surgery,30,22,73.4,4,3,3.8,2462,OK,2024-10
2024-10-28,Peds,25,14,57.9,3,3,2.8,2069,OK,2024-10
2024-10-29,ICU,20,18,91.1,2,2,6.0,4201,WARNING,2024-10
2024-10-29,ER,40,35,88.0,5,4,0.2,1319,OK,2024-10
2024-10-29,Med-Surg,80,62,77.3,9,9,4.3,1904,OK,2024-10
2024-10-29,Surgery,30,21,71.0,4,3,3.6,2549,OK,2024-10
2024-10-29,Peds,25,16,62.9,3,3,3.4,2292,OK,2024-10
2024-10-30,ICU,20,19,96.4,2,2,6.5,4023,CRITICAL,2024-10
2024-10-30,ER,40,35,87.7,6,4,0.7,974,OK,2024-10
2024-10-30,Med-Surg,80,62,77.4,9,9,3.7,1624,OK,2024-10
2024-10-30,Surgery,30,22,71.7,4,4,3.4,2630,OK,2024-10
2024-10-30,Peds,25,15,59.5,2,3,3.5,2231,OK,2024-10
2024-10-31,ICU,20,18,92.0,2,2,6.3,3986,WARNING,2024-10
2024-10-31,ER,40,34,86.1,5,4,0.1,882,OK,2024-10
2024-10-31,Med-Surg,80,64,80.0,9,8,4.9,1632,OK,2024-10
2024-10-31,Surgery,30,22,72.5,3,3,4.0,2226,OK,2024-10
2024-10-31,Peds,25,15,61.0,4,3,2.8,2108,OK,2024-10
2024-11-01,ICU,20,20,98.1,3,2,5.9,4391,CRITICAL,2024-11
2024-11-01,ER,40,34,84.4,6,5,0.8,749,OK,2024-11
2024-11-01,Med-Surg,80,63,78.5,12,8,3.9,1784,OK,2024-11
2024-11-01,Surgery,30,22,72.4,3,3,3.5,2669,OK,2024-11
2024-11-01,Peds,25,15,59.4,2,2,2.2,2372,OK,2024-11
2024-11-02,ICU,20,16,81.0,2,2,6.2,4185,OK,2024-11
2024-11-02,ER,40,32,79.0,4,5,0.8,676,OK,2024-11
2024-11-02,Med-Surg,80,55,69.4,8,9,3.9,1640,OK,2024-11
2024-11-02,Surgery,30,19,64.0,3,3,4.7,2683,OK,2024-11
2024-11-02,Peds,25,13,53.7,2,2,3.3,1866,OK,2024-11
2024-11-03,ICU,20,17,86.2,2,2,5.9,4299,OK,2024-11
2024-11-03,ER,40,30,73.9,6,5,1.0,522,OK,2024-11
2024-11-03,Med-Surg,80,57,70.8,10,8,3.6,1670,OK,2024-11
2024-11-03,Surgery,30,19,62.5,3,4,2.8,2631,OK,2024-11
2024-11-03,Peds,25,13,51.6,2,2,2.6,2402,OK,2024-11
2024-11-04,ICU,20,19,92.7,2,3,6.8,4221,WARNING,2024-11
2024-11-04,ER,40,37,92.3,5,5,0.1,925,WARNING,2024-11
2024-11-04,Med-Surg,80,64,80.5,10,8,4.2,1637,OK,2024-11
2024-11-04,Surgery,30,20,67.4,4,3,3.9,2567,OK,2024-11
2024-11-04,Peds,25,15,61.6,3,3,3.1,2247,OK,2024-11
2024-11-05,ICU,20,19,96.8,2,2,5.7,4287,CRITICAL,2024-11
2024-11-05,ER,40,35,88.7,5,5,0.4,934,OK,2024-11
2024-11-05,Med-Surg,80,66,82.2,11,9,3.6,1678,OK,2024-11
2024-11-05,Surgery,30,22,73.3,5,3,4.0,2389,OK,2024-11
2024-11-05,Peds,25,15,59.2,3,2,3.6,1654,OK,2024-11
2024-11-06,ICU,20,18,91.3,2,2,6.9,4240,WARNING,2024-11
2024-11-06,ER,40,34,84.5,4,4,0.5,835,OK,2024-11
2024-11-06,Med-Surg,80,68,84.5,7,9,3.9,1989,OK,2024-11
2024-11-06,Surgery,30,22,72.8,4,3,3.3,2742,OK,2024-11
2024-11-06,Peds,25,16,62.5,3,3,3.1,2396,OK,2024-11
2024-11-07,ICU,20,19,93.0,2,2,6.2,4096,WARNING,2024-11
2024-11-07,ER,40,37,91.3,5,4,0.7,1396,WARNING,2024-11
2024-11-07,Med-Surg,80,62,77.3,8,7,4.0,1849,OK,2024-11
2024-11-07,Surgery,30,21,71.0,3,3,3.5,2562,OK,2024-11
2024-11-07,Peds,25,16,63.0,3,3,3.4,2157,OK,2024-11
2024-11-08,ICU,20,18,91.6,2,2,5.9,4346,WARNING,2024-11
2024-11-08,ER,40,35,87.9,5,4,1.2,715,OK,2024-11
2024-11-08,Med-Surg,80,62,77.4,9,12,3.9,1735,OK,2024-11
2024-11-08,Surgery,30,21,71.6,4,3,3.9,2715,OK,2024-11
2024-11-08,Peds,25,15,61.6,2,3,2.6,2111,OK,2024-11
2024-11-09,ICU,20,17,84.2,2,2,7.1,4375,OK,2024-11
2024-11-09,ER,40,31,77.9,5,4,0.5,967,OK,2024-11
2024-11-09,Med-Surg,80,54,67.0,9,6,3.9,1727,OK,2024-11
2024-11-09,Surgery,30,19,61.9,3,3,3.4,2609,OK,2024-11
2024-11-09,Peds,25,13,52.1,3,3,2.4,1838,OK,2024-11
2024-11-10,ICU,20,16,82.2,2,2,6.0,4231,OK,2024-11
2024-11-10,ER,40,31,76.7,4,2,0.0,631,OK,2024-11
2024-11-10,Med-Surg,80,57,70.7,9,8,4.2,1540,OK,2024-11
2024-11-10,Surgery,30,20,66.1,4,2,4.0,2381,OK,2024-11
2024-11-10,Peds,25,13,53.9,3,3,3.3,2159,OK,2024-11
2024-11-11,ICU,20,18,91.1,2,3,6.2,4023,WARNING,2024-11
2024-11-11,ER,40,33,82.8,5,5,0.2,1005,OK,2024-11
2024-11-11,Med-Surg,80,63,79.0,9,9,3.9,1847,OK,2024-11
2024-11-11,Surgery,30,22,74.5,3,4,3.9,2531,OK,2024-11
2024-11-11,Peds,25,16,62.6,3,3,3.3,1999,OK,2024-11
2024-11-12,ICU,20,19,92.8,2,2,6.0,4294,WARNING,2024-11
2024-11-12,ER,40,35,87.2,5,4,0.3,806,OK,2024-11
2024-11-12,Med-Surg,80,64,80.2,10,8,3.5,1925,OK,2024-11
2024-11-12,Surgery,30,21,71.4,4,3,3.8,2410,OK,2024-11
2024-11-12,Peds,25,15,59.2,3,3,3.0,2182,OK,2024-11
2024-11-13,ICU,20,18,90.4,2,3,5.9,4325,WARNING,2024-11
2024-11-13,ER,40,37,92.1,5,4,0.5,633,WARNING,2024-11
2024-11-13,Med-Surg,80,66,82.1,10,8,3.6,1536,OK,2024-11
2024-11-13,Surgery,30,22,74.1,4,3,3.4,2207,OK,2024-11
2024-11-13,Peds,25,16,62.8,3,3,2.7,2053,OK,2024-11
2024-11-14,ICU,20,19,94.0,3,2,6.1,4323,WARNING,2024-11
2024-11-14,ER,40,36,89.9,5,4,1.2,669,OK,2024-11
2024-11-14,Med-Surg,80,65,81.5,10,6,4.7,1248,OK,2024-11
2024-11-14,Surgery,30,20,67.7,4,4,3.5,2530,OK,2024-11
2024-11-14,Peds,25,14,56.4,3,3,2.9,2104,OK,2024-11
2024-11-15,ICU,20,19,93.4,2,2,7.3,4440,WARNING,2024-11
2024-11-15,ER,40,33,83.6,5,4,1.0,368,OK,2024-11
2024-11-15,Med-Surg,80,63,78.8,7,8,3.9,1816,OK,2024-11
2024-11-15,Surgery,30,21,70.7,3,4,4.0,2610,OK,2024-11
2024-11-15,Peds,25,15,60.7,3,3,3.2,1665,OK,2024-11
2024-11-16,ICU,20,16,81.9,2,2,6.1,3687,OK,2024-11
2024-11-16,ER,40,30,75.5,5,4,0.3,803,OK,2024-11
2024-11-16,Med-Surg,80,57,71.1,9,7,4.3,2135,OK,2024-11
2024-11-16,Surgery,30,20,65.3,4,3,4.6,2342,OK,2024-11
2024-11-16,Peds,25,14,54.2,3,2,2.9,2282,OK,2024-11
2024-11-17,ICU,20,16,79.2,3,2,7.2,4400,OK,2024-11
2024-11-17,ER,40,31,76.4,4,4,0.4,790,OK,2024-11
2024-11-17,Med-Surg,80,58,73.1,11,8,3.7,1691,OK,2024-11
2024-11-17,Surgery,30,19,63.0,3,2,4.8,2561,OK,2024-11
2024-11-17,Peds,25,13,52.3,3,2,2.4,1939,OK,2024-11
2024-11-18,ICU,20,19,96.6,2,1,6.8,4139,CRITICAL,2024-11
2024-11-18,ER,40,33,82.2,5,5,0.7,1160,OK,2024-11
2024-11-18,Med-Surg,80,62,78.0,10,8,3.3,1977,OK,2024-11
2024-11-18,Surgery,30,22,73.0,4,4,3.5,2299,OK,2024-11
2024-11-18,Peds,25,15,61.1,4,3,3.3,2106,OK,2024-11
2024-11-19,ICU,20,19,92.7,2,2,6.2,3933,WARNING,2024-11
2024-11-19,ER,40,35,86.7,6,5,0.0,786,OK,2024-11
2024-11-19,Med-Surg,80,62,78.0,10,10,4.4,2297,OK,2024-11
2024-11-19,Surgery,30,22,74.6,4,4,3.7,2274,OK,2024-11
2024-11-19,Peds,25,16,63.4,3,3,3.0,2348,OK,2024-11
2024-11-20,ICU,20,19,94.3,2,2,6.1,4423,WARNING,2024-11
2024-11-20,ER,40,36,89.7,6,4,0.1,1023,OK,2024-11
2024-11-20,Med-Surg,80,63,78.6,7,10,3.8,2158,OK,2024-11
2024-11-20,Surgery,30,22,72.6,4,3,4.6,2572,OK,2024-11
2024-11-20,Peds,25,15,60.3,3,3,2.4,2306,OK,2024-11
2024-11-21,ICU,20,17,87.0,2,2,6.4,4057,OK,2024-11
2024-11-21,ER,40,35,88.7,4,4,0.8,893,OK,2024-11
2024-11-21,Med-Surg,80,63,78.4,11,9,4.5,2106,OK,2024-11
2024-11-21,Surgery,30,22,74.4,4,3,4.2,2543,OK,2024-11
2024-11-21,Peds,25,15,58.8,3,3,3.2,2074,OK,2024-11
2024-11-22,ICU,20,18,89.9,3,2,6.9,4154,OK,2024-11
2024-11-22,ER,40,35,87.6,5,5,0.2,965,OK,2024-11
2024-11-22,Med-Surg,80,65,80.7,9,8,3.9,1540,OK,2024-11
2024-11-22,Surgery,30,23,75.7,4,4,3.7,2461,OK,2024-11
2024-11-22,Peds,25,16,62.4,4,3,2.3,2410,OK,2024-11
2024-11-23,ICU,20,15,76.6,2,2,5.4,4422,OK,2024-11
2024-11-23,ER,40,31,78.5,4,5,1.2,777,OK,2024-11
2024-11-23,Med-Surg,80,56,69.4,11,9,4.2,2073,OK,2024-11
2024-11-23,Surgery,30,19,63.9,3,3,4.3,2102,OK,2024-11
2024-11-23,Peds,25,13,53.2,3,2,3.7,2383,OK,2024-11
2024-11-24,ICU,20,16,80.8,2,2,7.5,4575,OK,2024-11
2024-11-24,ER,40,31,76.8,4,4,0.6,551,OK,2024-11
2024-11-24,Med-Surg,80,56,70.6,10,6,4.5,2075,OK,2024-11
2024-11-24,Surgery,30,19,62.3,4,3,4.0,2439,OK,2024-11
2024-11-24,Peds,25,13,53.2,2,3,3.3,2087,OK,2024-11
2024-11-25,ICU,20,18,88.2,3,2,6.1,4573,OK,2024-11
2024-11-25,ER,40,33,82.9,3,4,0.9,589,OK,2024-11
2024-11-25,Med-Surg,80,62,77.6,11,9,4.3,1956,OK,2024-11
2024-11-25,Surgery,30,21,71.1,3,4,3.1,2071,OK,2024-11
2024-11-25,Peds,25,15,60.2,3,3,3.3,1697,OK,2024-11
2024-11-26,ICU,20,19,92.9,3,2,6.6,4178,WARNING,2024-11
2024-11-26,ER,40,38,95.0,3,5,0.3,477,CRITICAL,2024-11
2024-11-26,Med-Surg,80,63,78.7,10,10,5.0,2084,OK,2024-11
2024-11-26,Surgery,30,21,69.9,4,3,3.5,2458,OK,2024-11
2024-11-26,Peds,25,15,59.7,3,2,2.4,2196,OK,2024-11
2024-11-27,ICU,20,19,93.7,2,3,6.1,4139,WARNING,2024-11
2024-11-27,ER,40,35,88.7,5,4,0.8,803,OK,2024-11
2024-11-27,Med-Surg,80,60,75.6,8,7,3.6,1690,OK,2024-11
2024-11-27,Surgery,30,21,70.9,4,3,2.8,2517,OK,2024-11
2024-11-27,Peds,25,15,61.6,3,3,3.0,2253,OK,2024-11
2024-11-28,ICU,20,18,87.7,2,3,6.9,4370,OK,2024-11
2024-11-28,ER,40,35,88.4,6,6,0.4,606,OK,2024-11
2024-11-28,Med-Surg,80,63,79.4,14,7,3.9,1517,OK,2024-11
2024-11-28,Surgery,30,22,72.3,3,3,2.8,2624,OK,2024-11
2024-11-28,Peds,25,16,63.2,3,3,2.8,2136,OK,2024-11
2024-11-29,ICU,20,18,91.9,3,3,5.8,4138,WARNING,2024-11
2024-11-29,ER,40,36,89.4,4,3,0.6,899,OK,2024-11
2024-11-29,Med-Surg,80,63,78.3,9,8,3.7,1939,OK,2024-11
2024-11-29,Surgery,30,21,69.5,3,3,3.1,2674,OK,2024-11
2024-11-29,Peds,25,15,60.0,3,2,2.5,2251,OK,2024-11
2024-11-30,ICU,20,17,87.2,1,2,6.4,4077,OK,2024-11
2024-11-30,ER,40,31,78.5,4,4,0.2,1044,OK,2024-11
2024-11-30,Med-Surg,80,55,69.0,8,9,3.6,1814,OK,2024-11
2024-11-30,Surgery,30,18,59.9,3,3,3.3,2391,OK,2024-11
2024-11-30,Peds,25,14,54.5,2,3,3.0,2187,OK,2024-11
2024-12-01,ICU,20,19,96.6,3,3,6.7,4095,CRITICAL,2024-12
2024-12-01,ER,40,37,91.5,5,4,0.6,1022,WARNING,2024-12
2024-12-01,Med-Surg,80,66,82.1,12,10,4.4,1595,OK,2024-12
2024-12-01,Surgery,30,22,72.5,4,4,4.1,2534,OK,2024-12
2024-12-01,Peds,25,15,62.0,3,2,3.7,1691,OK,2024-12
2024-12-02,ICU,20,20,100.0,3,3,6.4,4269,CRITICAL,2024-12
2024-12-02,ER,40,40,100.0,6,5,1.0,583,CRITICAL,2024-12
2024-12-02,Med-Surg,80,74,92.0,12,12,4.3,1721,WARNING,2024-12
2024-12-02,Surgery,30,26,85.0,4,5,3.8,2192,OK,2024-12
2024-12-02,Peds,25,17,67.6,3,3,3.9,1892,OK,2024-12
2024-12-03,ICU,20,20,100.0,2,2,7.0,3973,CRITICAL,2024-12
2024-12-03,ER,40,40,100.0,6,5,0.8,568,CRITICAL,2024-12
2024-12-03,Med-Surg,80,77,96.6,14,10,5.3,1720,CRITICAL,2024-12
2024-12-03,Surgery,30,25,83.8,5,4,3.1,2178,OK,2024-12
2024-12-03,Peds,25,19,74.5,3,3,2.3,2290,OK,2024-12
2024-12-04,ICU,20,20,100.0,3,3,5.7,4164,CRITICAL,2024-12
2024-12-04,ER,40,40,100.0,6,5,0.6,722,CRITICAL,2024-12
2024-12-04,Med-Surg,80,78,97.5,10,10,4.2,2002,CRITICAL,2024-12
2024-12-04,Surgery,30,26,85.5,4,4,4.0,2046,OK,2024-12
2024-12-04,Peds,25,17,66.8,3,3,2.3,2250,OK,2024-12
2024-12-05,ICU,20,20,100.0,3,2,6.2,3675,CRITICAL,2024-12
2024-12-05,ER,40,40,99.6,6,5,0.3,845,CRITICAL,2024-12
2024-12-05,Med-Surg,80,71,89.1,10,11,5.1,1810,OK,2024-12
2024-12-05,Surgery,30,24,80.8,4,4,4.1,3049,OK,2024-12
2024-12-05,Peds,25,17,68.6,4,4,3.6,1710,OK,2024-12
2024-12-06,ICU,20,20,100.0,3,4,6.6,4126,CRITICAL,2024-12
2024-12-06,ER,40,39,97.0,7,6,0.1,759,CRITICAL,2024-12
2024-12-06,Med-Surg,80,74,92.9,12,9,3.8,1469,WARNING,2024-12
2024-12-06,Surgery,30,26,85.4,4,4,4.5,2544,OK,2024-12
2024-12-06,Peds,25,17,69.9,4,3,3.5,2162,OK,2024-12
2024-12-07,ICU,20,18,91.6,3,3,5.5,4507,WARNING,2024-12
2024-12-07,ER,40,36,89.0,5,5,0.2,991,OK,2024-12
2024-12-07,Med-Surg,80,64,80.0,8,8,4.4,1611,OK,2024-12
2024-12-07,Surgery,30,23,76.4,4,4,3.9,2552,OK,2024-12
2024-12-07,Peds,25,15,59.5,3,3,3.2,2438,OK,2024-12
2024-12-08,ICU,20,18,91.4,2,2,5.7,4162,WARNING,2024-12
2024-12-08,ER,40,36,89.3,5,5,0.3,1025,OK,2024-12
2024-12-08,Med-Surg,80,66,82.6,9,8,3.1,1641,OK,2024-12
2024-12-08,Surgery,30,23,75.2,4,4,3.5,2641,OK,2024-12
2024-12-08,Peds,25,15,60.4,3,3,2.6,1791,OK,2024-12
2024-12-09,ICU,20,20,100.0,3,3,6.7,4444,CRITICAL,2024-12
2024-12-09,ER,40,40,100.0,6,4,0.6,919,CRITICAL,2024-12
2024-12-09,Med-Surg,80,77,96.0,12,12,3.6,1735,CRITICAL,2024-12
2024-12-09,Surgery,30,25,83.9,5,4,3.8,2637,OK,2024-12
2024-12-09,Peds,25,17,67.8,4,3,1.9,2102,OK,2024-12
2024-12-10,ICU,20,20,100.0,3,3,6.2,4170,CRITICAL,2024-12
2024-12-10,ER,40,38,95.4,4,5,1.2,869,CRITICAL,2024-12
2024-12-10,Med-Surg,80,75,93.7,14,11,4.0,1636,WARNING,2024-12
2024-12-10,Surgery,30,26,87.8,4,3,3.2,2751,OK,2024-12
2024-12-10,Peds,25,17,68.0,4,2,3.6,2197,OK,2024-12
2024-12-11,ICU,20,20,100.0,3,3,6.6,4019,CRITICAL,2024-12
2024-12-11,ER,40,38,94.9,6,5,0.3,789,WARNING,2024-12
2024-12-11,Med-Surg,80,72,90.4,11,11,4.8,1982,WARNING,2024-12
2024-12-11,Surgery,30,24,81.0,4,4,3.1,2580,OK,2024-12
2024-12-11,Peds,25,19,74.1,3,2,2.9,1857,OK,2024-12
2024-12-12,ICU,20,20,100.0,3,2,6.0,4158,CRITICAL,2024-12
2024-12-12,ER,40,40,100.0,5,4,1.1,723,CRITICAL,2024-12
2024-12-12,Med-Surg,80,74,92.5,12,11,3.5,1465,WARNING,2024-12
2024-12-12,Surgery,30,24,81.3,4,3,3.6,2925,OK,2024-12
2024-12-12,Peds,25,17,66.3,3,4,2.9,1959,OK,2024-12
2024-12-13,ICU,20,20,100.0,3,2,6.3,4068,CRITICAL,2024-12
2024-12-13,ER,40,39,97.0,5,4,0.5,871,CRITICAL,2024-12
2024-12-13,Med-Surg,80,75,94.4,13,10,4.3,1899,WARNING,2024-12
2024-12-13,Surgery,30,25,83.6,4,3,4.1,2159,OK,2024-12
2024-12-13,Peds,25,17,69.6,2,3,2.5,2319,OK,2024-12
2024-12-14,ICU,20,19,95.0,2,2,6.6,4168,CRITICAL,2024-12
2024-12-14,ER,40,34,84.4,5,4,0.1,873,OK,2024-12
2024-12-14,Med-Surg,80,65,81.6,10,9,4.5,1764,OK,2024-12
2024-12-14,Surgery,30,22,73.3,3,3,4.5,2091,OK,2024-12
2024-12-14,Peds,25,16,63.4,3,2,3.0,1802,OK,2024-12
2024-12-15,ICU,20,18,90.8,2,2,5.8,4520,WARNING,2024-12
2024-12-15,ER,40,37,92.8,3,5,0.9,909,WARNING,2024-12
2024-12-15,Med-Surg,80,63,79.4,9,8,3.9,1558,OK,2024-12
2024-12-15,Surgery,30,22,72.6,3,3,3.2,2541,OK,2024-12
2024-12-15,Peds,25,15,60.5,3,3,3.7,1594,OK,2024-12
2024-12-16,ICU,20,20,100.0,3,3,5.4,4004,CRITICAL,2024-12
2024-12-16,ER,40,40,100.0,6,5,0.7,868,CRITICAL,2024-12
2024-12-16,Med-Surg,80,74,92.5,11,11,3.0,2109,WARNING,2024-12
2024-12-16,Surgery,30,23,77.3,3,4,4.1,1901,OK,2024-12
2024-12-16,Peds,25,18,70.1,4,4,2.6,2040,OK,2024-12
2024-12-17,ICU,20,20,100.0,3,2,5.8,4287,CRITICAL,2024-12
2024-12-17,ER,40,40,100.0,6,5,0.9,976,CRITICAL,2024-12
2024-12-17,Med-Surg,80,70,87.2,10,10,4.1,1666,OK,2024-12
2024-12-17,Surgery,30,26,85.1,5,4,3.8,2670,OK,2024-12
2024-12-17,Peds,25,17,66.2,3,4,2.6,1855,OK,2024-12
2024-12-18,ICU,20,20,100.0,3,2,7.2,4104,CRITICAL,2024-12
2024-12-18,ER,40,39,96.6,5,6,0.5,897,CRITICAL,2024-12
2024-12-18,Med-Surg,80,72,89.6,14,11,4.6,1873,OK,2024-12
2024-12-18,Surgery,30,25,84.8,4,4,4.5,2812,OK,2024-12
2024-12-18,Peds,25,17,67.7,4,3,2.6,2157,OK,2024-12
2024-12-19,ICU,20,20,100.0,3,2,6.5,4128,CRITICAL,2024-12
2024-12-19,ER,40,40,100.0,7,3,0.9,492,CRITICAL,2024-12
2024-12-19,Med-Surg,80,76,95.4,10,8,4.4,1873,CRITICAL,2024-12
2024-12-19,Surgery,30,24,80.3,3,4,3.2,2288,OK,2024-12
2024-12-19,Peds,25,18,70.4,3,3,3.6,2070,OK,2024-12
2024-12-20,ICU,20,20,100.0,4,2,6.8,4414,CRITICAL,2024-12
2024-12-20,ER,40,40,100.0,7,5,0.2,1019,CRITICAL,2024-12
2024-12-20,Med-Surg,80,76,95.1,13,10,3.7,1838,CRITICAL,2024-12
2024-12-20,Surgery,30,26,85.1,5,4,4.0,2238,OK,2024-12
2024-12-20,Peds,25,18,72.2,3,4,2.3,2306,OK,2024-12
2024-12-21,ICU,20,19,94.0,2,2,5.9,4350,WARNING,2024-12
2024-12-21,ER,40,35,87.3,4,4,0.3,1074,OK,2024-12
2024-12-21,Med-Surg,80,67,83.1,12,11,3.8,1762,OK,2024-12
2024-12-21,Surgery,30,22,72.0,3,2,3.8,2243,OK,2024-12
2024-12-21,Peds,25,15,61.7,4,3,3.0,2281,OK,2024-12
2024-12-22,ICU,20,19,93.9,3,2,6.1,4008,WARNING,2024-12
2024-12-22,ER,40,36,90.3,4,5,0.2,993,WARNING,2024-12
2024-12-22,Med-Surg,80,64,80.1,8,10,4.6,1712,OK,2024-12
2024-12-22,Surgery,30,22,74.4,2,3,4.4,2455,OK,2024-12
2024-12-22,Peds,25,15,58.3,3,2,2.8,2026,OK,2024-12
2024-12-23,ICU,20,20,100.0,3,3,6.4,4292,CRITICAL,2024-12
2024-12-23,ER,40,40,100.0,5,4,1.1,827,CRITICAL,2024-12
2024-12-23,Med-Surg,80,74,92.4,10,9,4.5,1997,WARNING,2024-12
2024-12-23,Surgery,30,25,84.7,5,4,3.9,2465,OK,2024-12
2024-12-23,Peds,25,18,72.7,3,3,2.5,1968,OK,2024-12
2024-12-24,ICU,20,20,100.0,2,3,5.5,4220,CRITICAL,2024-12
2024-12-24,ER,40,40,100.0,4,5,0.6,886,CRITICAL,2024-12
2024-12-24,Med-Surg,80,73,91.4,12,10,4.1,1850,WARNING,2024-12
2024-12-24,Surgery,30,26,85.1,4,4,3.5,2434,OK,2024-12
2024-12-24,Peds,25,18,73.2,4,3,2.6,2175,OK,2024-12
2024-12-25,ICU,20,20,100.0,2,3,5.9,4391,CRITICAL,2024-12
2024-12-25,ER,40,40,100.0,5,4,0.4,582,CRITICAL,2024-12
2024-12-25,Med-Surg,80,74,92.3,11,11,4.8,1963,WARNING,2024-12
2024-12-25,Surgery,30,25,84.0,3,4,4.7,1898,OK,2024-12
2024-12-25,Peds,25,18,71.6,3,3,3.3,2442,OK,2024-12
2024-12-26,ICU,20,20,100.0,3,2,6.3,4375,CRITICAL,2024-12
2024-12-26,ER,40,40,98.9,5,7,1.0,1030,CRITICAL,2024-12
2024-12-26,Med-Surg,80,70,88.0,10,10,3.6,2120,OK,2024-12
2024-12-26,Surgery,30,26,86.3,4,5,3.8,3018,OK,2024-12
2024-12-26,Peds,25,18,70.5,4,4,3.5,2202,OK,2024-12
2024-12-27,ICU,20,20,100.0,3,2,6.3,3978,CRITICAL,2024-12
2024-12-27,ER,40,38,94.7,6,6,1.0,784,WARNING,2024-12
2024-12-27,Med-Surg,80,77,96.8,10,7,3.0,1564,CRITICAL,2024-12
2024-12-27,Surgery,30,25,84.8,4,4,4.6,2280,OK,2024-12
2024-12-27,Peds,25,18,71.2,4,3,3.6,2042,OK,2024-12
2024-12-28,ICU,20,18,92.0,3,2,6.7,4471,WARNING,2024-12
2024-12-28,ER,40,35,86.3,6,4,0.2,746,OK,2024-12
2024-12-28,Med-Surg,80,64,79.4,11,9,3.9,1935,OK,2024-12
2024-12-28,Surgery,30,22,72.3,3,3,4.0,2578,OK,2024-12
2024-12-28,Peds,25,15,61.1,3,3,2.6,1806,OK,2024-12
2024-12-29,ICU,20,19,95.9,2,2,6.7,4105,CRITICAL,2024-12
2024-12-29,ER,40,34,84.4,5,5,0.4,1095,OK,2024-12
2024-12-29,Med-Surg,80,60,74.9,11,10,4.3,1133,OK,2024-12
2024-12-29,Surgery,30,23,75.7,3,3,3.7,2581,OK,2024-12
2024-12-29,Peds,25,16,62.9,3,3,3.0,2183,OK,2024-12
2024-12-30,ICU,20,20,100.0,2,3,6.6,4345,CRITICAL,2024-12
2024-12-30,ER,40,39,98.5,6,4,1.0,748,CRITICAL,2024-12
2024-12-30,Med-Surg,80,77,96.6,9,13,3.9,1724,CRITICAL,2024-12
2024-12-30,Surgery,30,25,83.3,4,4,3.4,2360,OK,2024-12
2024-12-30,Peds,25,18,71.2,3,3,2.2,1999,OK,2024-12
2024-12-31,ICU,20,20,100.0,2,2,6.3,4126,CRITICAL,2024-12
2024-12-31,ER,40,40,100.0,5,5,1.0,985,CRITICAL,2024-12
2024-12-31,Med-Surg,80,74,92.6,11,13,4.1,1712,WARNING,2024-12
2024-12-31,Surgery,30,24,81.2,3,4,2.6,2499,OK,2024-12
2024-12-31,Peds,25,17,69.7,5,2,2.4,2073,OK,2024-12
